variance,skewness,curtosis,entropy,class
-0.641242328505022,1.8033771455069127,-0.163967465397291,-3.0268070869594093,0
0.8236770220434977,0.8412007329465192,-0.5720669650090683,0.6032968148561835,0
-1.6618191140297327,-1.6679405870995927,2.423389118259624,-0.3362192025712738,1
1.733053799215057,0.3124894815521727,-0.7269715342704489,1.08109006771455,0
0.1138831459402076,0.1886934269122056,0.3525095283273257,0.5349558159339088,0
-1.463242643416811,-0.003179378689076,-0.3326126780581965,-0.6274706154223636,1
1.483663147569873,0.9734680307581872,-0.7752950753555843,0.389038239120792,0
-0.9328960212996156,-0.0775967784630118,-0.4931036993386843,0.0091686916287921,1
1.58096315487888,0.6091193506006854,-0.8993997699676014,0.3262361116807745,0
0.0549260275874009,0.9381853881718272,-0.0376763742577909,-0.8417310956953573,0
-1.0012347606103178,-1.884852137608779,1.844458241561,0.2566681144081364,1
0.8736114561742323,1.518388844036412,-1.1004693359716975,-1.3952373364005914,0
0.2788673608651801,-0.1749410780161326,1.011770748779866,0.5121761178056846,0
1.5804353067379633,-0.2102117892740816,-0.1448747925362764,1.143273220433779,0
-1.0267474207546323,1.7451693076168553,0.3302277802765427,-1.214211037289942,0
1.2332167996428556,-0.1692975596778023,-0.1420918950453505,0.8895888117905542,0
-1.342048710262301,-0.4482861074331349,0.2634057462784135,0.9092912532876576,1
-1.663402658452483,0.2419582858891982,-0.1450743998625646,0.0922779512546834,1
0.3195820474679002,-1.0813964824223867,1.5533100670307696,-0.2586569087124502,0
-0.7166894227800713,-0.3939695870805005,0.0516130890248778,1.4769482083789216,1
0.7302479011012142,0.8383713036376614,-0.331220533008107,0.7812301449004921,0
-0.2134953090316386,-0.5290612007745646,-0.0036734983261273,0.9166808591850728,1
-1.05704590404326,-1.4944079377412691,1.7644992602745966,1.5840784485154182,1
1.5844117627328704,0.9685250518451222,-0.8681821125422857,0.161236496494545,0
0.0481625334084529,-0.3318874764078925,-0.0360980837708604,0.2997535163190324,0
-0.8274671526204888,1.6647691988826236,0.2663998561727374,-0.992570473807545,0
1.095131725979006,1.2697399599543744,-1.260944342245774,-1.3163894796601296,0
0.6117283985273494,-0.4535767993456016,0.944554142160004,0.2228054358369913,0
0.392038002277754,1.2372867466768722,-0.7033203871207115,-0.2598948581540274,0
0.5832245989178392,-0.1668294791722444,0.7319491295087833,1.154938513248642,0
-1.3442656724541515,-2.5415865428515065,2.705578173261102,-0.7277921336301855,1
-0.8990081706527533,-0.3371849862223083,0.1279744964072485,1.2115985069208337,1
-0.7218623345610564,-0.1414293854610397,-0.4067920988423859,0.2819079989842951,1
0.6400562487565541,1.3706108192906437,-1.0612905956490712,-0.8583481862765296,0
1.9187155853135456,0.673667837303364,-0.9781518232345876,0.4241341057895085,0
-0.4433027946488072,0.1770518593341942,-0.6229668332125756,-0.1300053936685324,1
-0.8587509524388278,-1.4728974570920004,1.7682825154123856,0.6149949609446883,1
1.2891687025800422,-0.247597754611725,0.0625450716622931,1.003494444447684,0
0.2783395127242632,1.1685111607657797,-0.8381481729821678,0.1834005528427847,0
0.4630511721691017,-0.3576421010204481,0.8785212534053398,1.1826495353639492,0
1.5523537856411866,1.054941959049395,-1.009369480659903,-0.1336716285532037,0
0.8597818348822105,-1.0196603802736932,0.5171855725151434,0.412435483566603,0
0.2495893839823251,-0.185522461841066,0.941768923653656,0.296068236058337,0
-1.1146517311553197,-0.2500675395927702,0.2417274622373392,0.6710240765360762,1
-0.9321922237783932,1.7113184244397972,-0.3061626184111218,-3.139460486142944,0
-0.91456209587177,0.1872787122577767,-0.8844988509586402,-0.5868087376105554,1
-0.0772154760097248,-0.4461708533534405,-0.1208128256568528,0.708576796711923,1
-1.0445534980415612,-0.4595731441097956,0.4555161927537576,0.5682028527250695,1
1.052481596192924,-0.3527042355338449,-0.1379163883012506,0.7061151818607866,0
1.8673735561403664,-0.4031413696774669,-0.2361580080664058,1.2226924384549689,0
1.3903747861318343,-0.85142864968076,0.3817311124897587,1.1740315027129686,0
1.84650595963612,1.0009782651226242,-0.9475376298189804,0.1267548432026111,0
0.1416444391648281,-0.1389578960045073,-0.8978214794806709,0.5374183830538464,1
0.2745038162336007,1.1720394250244155,-0.827401871578509,0.2141826418420048,0
1.3114438941267337,1.5846929404909722,-1.1631135422103052,-1.3761443469362649,0
-0.5934896666900771,1.411518230984974,0.1812882206495905,-2.1007732912195296,0
0.5565506728635073,-0.0126903519080078,0.4038271793067852,0.7713789241519405,0
0.6625073896835509,-0.7755965352523951,0.4074015430565982,0.5263363548797265,0
0.926712979150468,-1.0796238279156325,0.5631184677156635,0.1784725617965058,0
0.0333651905247503,-0.1633029193890956,0.6096548269258926,0.0682569707440778,0
-0.971745644471096,-0.0825397573760768,-0.5149792696906249,-0.0450154031602449,1
0.6438567553711554,-1.0923221702957475,0.5241254086267935,0.2757515811844511,0
-1.64608923943041,-2.554284885231622,3.647237340103096,-0.7665970872796275,1
-1.7982854533947703,-1.2930071141661827,2.221530407012062,0.4081264672411128,1
-0.0862346412441908,-0.2080948307189001,-0.4431856206586647,0.5700498732919028,1
-1.030301598236806,0.2765250487709074,-0.6428579353787434,-0.7887849503478976,1
1.2734036381046587,0.6405157890760839,-0.7814689763779888,0.5799009988135744,0
-0.3849122333005845,-0.8775241693907682,0.5589406399561417,1.1309413394580667,1
-0.8558301927257544,-1.4538414211443915,0.7955913723788323,0.367488396149335,1
0.5327271267701267,-1.1413428853094532,1.6547384409702708,-0.3214590361524677,0
-0.7380848674252345,0.2327882077677192,-0.8512851202704419,-0.4907724290081934,1
-0.6413127082571443,-1.1589842066026332,1.1790231200860553,0.7301266396833801,1
1.3087694635460885,-0.99850783947675,0.3401849364367364,0.5589677498909028,0
0.8869836090774592,-0.1442588147698976,-0.1745071964283957,0.9930242489783434,0
-0.1777927164763043,0.3100179920956403,-1.3784805632136543,-1.4574204891198204,1
0.1601085671340997,0.5833647259881299,0.1502562444580314,0.4752328496626145,0
0.8206858825783021,-0.2147968283348212,0.638690729854569,0.4321379250637063,0
-0.7023319533471328,-0.7047073997370954,0.6641522690334325,0.7005729774377252,1
0.6998790380604644,-1.1074920021323948,1.0559164621054795,0.6697908884385051,0
-1.128199833438852,0.2310155532609648,-0.5414295614392417,-0.9303873210883162,1
0.840849681561326,1.5219171082950478,-1.054722122004934,-1.3268644364734763,0
-1.557903410021234,0.6666113087860921,-0.1973784823963556,-1.7837153938555597,1
-0.4413743894406575,-0.2165609604641391,-0.4378171119876792,0.316389652276229,1
0.7386582814798227,0.9554687696126818,-0.4217092649593006,-0.6933200030262637,0
1.0752494460044713,0.8126337237799787,-0.6038880864440926,0.382881821320948,0
-0.768101831705373,-1.4069342557348927,1.0911262660565604,0.6353139964905773,1
0.1016229931205121,-0.3368323302439935,0.9916939653799416,-0.0758212988794953,0
0.8344451241182016,-0.2292575983687669,-0.0128182990886361,1.1450825311560844,0
-0.8447101918904394,1.684507025025138,-0.4183275454895099,-3.1806937252354794,0
1.471733779585152,1.40729113177656,-1.3035117650844574,-1.5392679925841042,0
1.2594332573083926,1.4019902130111697,-1.238082340339502,-1.3718115238907442,0
0.7351041039976492,0.0536137445465525,0.3077603509920033,0.9456203080539451,0
-1.066195271819152,-1.92117451024237,1.9488575152406056,0.4339853265380601,1
0.110733652032737,0.9124478083141444,-0.057381795190202,0.3108474478531675,0
1.108187169997683,-0.081823877671426,-0.0872068433623438,1.2343577312698315,0
-2.442928792958496,1.1670964461113509,-0.2705647406814898,-1.3071524722883607,1
-0.0367858274030997,-1.0870382962852296,0.7367304212780139,0.0965869675801736,0
-0.4753854046537337,1.3748379184990578,-0.0504187489243324,-1.9210325549905185,0
-0.1988844724910601,-0.6306308950606122,1.60938579962524,0.7350546307296589,0
0.1626915040369861,1.4700669639724842,-0.653395345394426,-1.3527185344264174,0
-0.8552319648327154,-1.9469291348549251,1.9228157222062532,0.5060197000058407,1
-0.3393906096279149,-0.3442389580263494,-0.3749732984227835,1.0638063889725289,1
0.7295089137039306,-0.1301457577353536,0.5865839336316444,0.6273101772163795,0
-0.8719471559617491,-0.1185041901573421,-0.2813040790388827,0.0479260318381737,1
1.2743889546343703,-0.2592376177142492,0.0136180665674489,0.8785091642884374,0
-1.1037428695763711,-0.0493706643939239,-0.1303591620873601,0.5238733116253883,1
-0.6918101804048569,-1.1963633540383274,1.225559479296284,0.6507026603181842,1
0.2060946971707762,-0.1396737757091581,-0.8582249563820921,0.8501886901403537,1
1.2970864246937952,-0.8041635444189359,0.1562212540924597,0.8883603850369891,0
-0.7936144918496877,0.1414283216503815,-0.4921103047380869,-0.5529555817274224,1
0.0872936755884224,0.4990784131429367,-1.5344063792606957,-2.33907855872316,1
0.7785987908091981,-1.1483994138267253,1.1505906811670872,0.568818494505054,0
-0.9000990568106482,-1.5032200760104226,0.9751915457298306,0.3428627249499589,1
-0.3196596461204428,-1.0690390351397243,0.1375138697914899,0.9252988918360532,1
1.3745393419043286,-1.2316459966246875,0.5762322048497182,0.2320376818647543,0
-0.8356312038666696,-1.8079632483783108,1.8004982094691426,1.015188305326583,1
-0.400930664883608,1.1593410826443005,0.1912221666555645,-1.6211631094884482,0
0.7509747381012161,0.271224130005517,-0.18186713633142,0.373644813949179,0
0.4718838310604437,-1.4242176371757471,1.567236159562509,0.1396866535230879,0
-1.5233821416052715,0.3608113616161004,-0.3944628649209526,-0.4722984142646554,1
-0.5327519406085776,0.0472560509790587,-0.9246524177584888,-0.0401112188339964,1
0.1932715063341026,0.2557134030714168,-1.2456488506150805,-0.2475629771783151,1
1.5053049213474643,0.0261035101821153,-0.3871052460333504,1.156795437411008,0
-0.1582975251384418,1.3339305068047276,-0.288661697926485,-0.2008065790387417,0
1.331115034844902,1.284892747036149,-1.4683734905060315,-1.925936739316767,0
0.9413519675918954,0.2028064839467496,-0.136721065358943,0.7738405390030769,0
-0.9697750114116732,-1.9180041858360592,1.818602129760404,0.1870953557914923,1
-0.4281289200912506,1.6086749105967737,-0.4117637138762168,-2.789120794176568,0
1.2240322419909024,0.1791654089384012,-0.1088804853725741,0.855726133219409,0
-1.549598599270809,0.2997911391720577,-0.4636709027728532,-1.3434815270546483,1
-1.5068428998565435,-2.5101901043761083,3.315517815997065,-0.0425395042770902,1
-0.3840641572875115,-0.8052203192210393,0.5370534645270915,1.042280352721102,1
-0.3378880019201049,-0.3699859124992122,-0.4302598857737886,0.7670699078264502,1
0.7516785356224385,-1.0789249929658544,1.064875581634232,0.6045280984161523,0
-0.0950673001355328,-0.9000914248421404,-0.0052749989672773,1.2134554310831995,1
0.6923484045833839,-0.0511433189006782,0.3791547853713869,0.908677039910875,0
0.9033820913219428,0.663083044527456,-0.8421171093537135,0.2505069352642864,0
-0.3527803574691724,-0.0860680216347127,-0.6551825272693326,0.0319279159777901,1
0.0140565055300117,0.2451286102955088,-1.3703337990825868,-1.3576703321927266,1
0.2222116604067708,1.0986788000525831,-0.6494264090228803,-0.2186616190614912,0
-1.7548611463353436,-2.472810956940414,3.259650974790571,-0.146003509528916,1
-0.1695248550957433,-0.6010071110919679,1.6428084217014145,0.9271462933104072,0
0.108009955625606,-0.0328031626577202,-1.0662575686520583,0.4980158807316428,1
1.0421005827548926,-0.1319184122421079,0.1723291011208382,1.5607002494456317,0
1.2138623678092375,0.7635959640114002,-0.8888623599519186,0.09904858243131,0
1.393506685101274,-0.2666435637064103,0.1494670992145661,1.1389403973882586,0
-0.8201476583997751,-1.4848799197674645,0.9001995374464141,0.412435483566603,1
-0.0407165365591272,-0.4969591094474389,-0.0703098510905,0.989334207373642,1
1.0843636239043022,0.8352009792313508,-0.480774465417251,0.344091151703524,0
1.0321770377056556,-1.211533185874975,0.5328756367675695,0.0233098833268097,0
0.4033339524933747,-1.1300592575837671,1.513527862698434,-0.1700006833194913,0
-0.6246678968802327,-0.6542719700689605,-0.3604553469584452,0.5103287163313309,1
0.5041529474084943,0.9977908959614412,-0.3797453061303262,-0.8435880198577234,0
1.0671557745104128,-0.1382590610547292,0.0800455279438455,1.2048373984322192,0
-2.084590285028073,1.2242304644444315,-0.4143493250562765,-2.278133355445508,1
0.5157304166326039,0.9783939649163794,-0.288661697926485,-0.913770230507144,0
1.1456643880027797,1.3575545370582034,-1.2710871796397245,-1.5116045839088572,0
1.2743889546343703,-0.7466715862335291,0.2049393677993279,1.0589022046462802,0
-0.2357141967766322,1.2612687167826735,0.1701473466241991,-1.5177467176766832,0
-0.8203236077800807,0.2701673552034135,-0.7385069809175729,-1.265300258475036,1
1.1751183142659405,0.900806240736133,-0.7146469423798596,0.1162894090772769,0
-0.2464259950496382,-0.4377047236082014,-0.4219065512701669,0.9917958222247784,1
1.8148350711811083,1.45595390693794,-1.3419013601636187,-1.498034753491568,0
0.0481625334084529,-0.3318874764078925,-0.0360980837708604,0.2997535163190324,0
-0.583495741888718,-0.0296328382514096,-0.6679249019358741,-0.1078175306002624,1
1.2877611075375974,0.5950062935661413,-0.7472572090583491,0.6796421091870567,0
1.0999175491233188,-0.1047490729751236,-0.0247483183574929,1.3556767765444069,0
-0.2288556899323192,1.0415277369646292,0.1130735773982874,-1.282536323776997,0
1.6919520239756642,1.4686522493180554,-1.2800462991684765,-1.4703237313762607,0
1.754238104603853,1.4016493179137166,-1.2722941076591414,-1.193880098384038,0
1.302435285855086,0.7152911287023451,-0.8882588959422099,0.4740044229090493,0
-0.3283972923464198,-0.0253886942881228,-0.8459003644915029,0.2431220907108772,1
-1.1738411026901296,-1.632657944513233,2.4217876176184734,0.1661597261968178,1
0.4567521843541605,-0.3869164675142031,0.6482301032388105,0.0953585408266085,0
1.3830552919111203,-0.8567125236912777,0.2270122244621347,0.9413065303844488,0
1.0834838770027742,0.1678817812127152,-0.0788511878433002,0.7615277034033888,0
1.7842198790079309,1.4393864052017369,-1.3486555150415125,-1.3471953753793802,0
-0.2251924238343562,1.243985335341819,-1.184188362241671,-2.6752294455514565,0
-0.4599792769141737,-0.3333052591181986,-0.3711946853158381,0.8329478634943868,1
0.5573952298889744,-0.0211615950797087,-1.010970981301053,0.6673292735873686,1
-0.2794481747453967,0.3738676438485409,0.3984424235278459,0.3902714272183633,0
-0.8750438650551281,0.3266025385867167,-0.5090142600561965,-0.0105432725563232,1
1.703846202084324,-0.3040312335195409,-0.2962189241403756,1.11184834999374,0
1.2141438868177266,1.3815365071640042,-1.2365040498525717,-1.3761443469362649,0
-0.787667402795358,-1.4891070189758788,1.2311299163089802,1.1235612562486634,1
0.0736224087386759,0.8828240243455002,-0.2433183406431417,0.37056898572126,0
1.415042889250682,0.0980494204995187,-0.0850250888657046,1.0287343290238424,0
-1.0261843827376544,-1.572711541626166,1.2629510377440043,0.2862170153097854,1
0.6542025789331258,1.212946836718746,-1.0767949786677409,-0.0511575369280707,0
0.4883878829331108,-1.4312741656930197,1.544350947502017,0.3681026095261175,0
1.5462659370826122,0.994978511407456,-0.8928312963234644,-0.0142571208810551,0
-1.2490770577088122,-1.7984352304045064,2.098818321653219,1.0299675171214138,1
-1.64232392269187,0.5103620408686229,-0.4386132202774102,-1.9659796424077869,1
-0.4270943377350536,0.2232601897939148,-1.0861486708182255,-0.9088184327408348,1
-0.7783420856391602,-0.1819959020579173,1.3305622169855988,0.5805166405935588,0
-0.9570714661536076,-1.256326801680267,1.022702731417281,0.9874868058992882,1
-1.474820112640921,-1.7409432722190998,2.0669972002181947,0.7486006544269183,1
-0.813567151576345,-1.4503131568857557,0.8009761281577714,0.5571203484165491,1
1.6219593604900897,-0.417953261661789,-0.2073217124640175,1.0939933099709904,0
-0.9192775392639604,-1.4266891266322796,1.0762021368933798,0.4684622184859878,1
-0.7445246147444201,-1.488766123878426,1.3327671816364577,1.201742524828276,1
-1.1779935080653423,-1.9419861559418603,1.9424979329844447,0.28067957223073,1
1.6016548020028207,1.0958493707437251,-0.9145095803645386,-0.0431584789978789,0
-1.0133048880992832,-0.0500865440985747,-0.5298964358075396,-0.1373854768779356,1
1.5820188511607138,-0.2804003853641161,-0.2761328566787635,0.7276650248322437,0
1.1694527442200997,-1.2520997024718523,0.5635130403373961,-0.0290172872998613,0
-1.2531238934558413,-1.539900388496339,2.3191755258137743,0.5275676384396953,1
0.8939863944136229,1.1995496593888528,-0.9980429254007548,0.0732087685103869,0
1.1617813512387745,1.3071191073900688,-1.230330148830167,-1.0270426044114669,0
1.38460364645781,1.320874224572287,-1.2436527773521977,-0.938386379018508,0
-1.8612401416681208,-1.3339315706153858,2.2245013067521664,0.1760109469453694,1
1.5352515058754803,0.8630691534481133,-0.7878285586341498,0.4007368613436975,0
-1.25840237486501,-2.549699846170882,3.314334098131867,0.2523543367386402,1
0.515765606508665,-0.1615387872597776,0.656585758757854,0.954852554081708,0
1.0721527369110924,1.325817203485352,-1.1957238088887951,-1.0695137929455802,0
-0.2399405008915731,-0.3579949274463116,0.8144844379135585,0.6408514395696326,0
0.4246942072624768,0.2772238837206855,-0.0002848158100707,0.3939614688230649,0
-0.6442686578462786,0.2380720817782369,-0.6476392271479738,-0.3824042394301192,1
-1.3906107392266518,0.1625979072021975,-0.2884620906001968,-0.0080673736731686,1
1.760994560807589,1.2859495218382528,-1.4713676004003555,-1.299153414358169,0
1.2625299664017715,-0.7879369377801848,0.2548644095256133,0.7418252619062856,0
-0.6451132148717457,-0.6542719700689605,0.2594368099068678,0.8526503049914902,1
0.077852231841223,0.55551359652624,-0.076669433346661,0.3668741827725524,0
-0.6529253673573151,1.6587694451674553,-0.3377834362152314,-2.814355917408721,0
-1.699824180175746,0.5177765092382203,-0.4750067420936891,-2.0379711637795124,1
-1.2805016170313956,-0.3519985826821177,-0.0979415396888928,0.589136101647741,1
-0.915125133888748,-0.0560862978137432,-0.3139185235451319,-0.2315648613179315,1
1.6143935371369476,1.0489422053342266,-1.0326492653421273,-0.249419901340681,0
1.0637423565324835,1.2954775398120573,-1.255397115387298,-1.1440288266405212,0
0.3815514192115391,0.6429702337777438,-0.3023840053041766,0.5546577812966115,0
-1.7282576000331342,-2.5486430713687787,3.6406920766131785,-0.8774411757408563,1
0.0809067130833285,-0.3354213654356365,-0.3680125731723357,0.6790278958102741,1
-1.5841198676867714,0.0976914806471934,-0.1397058911915791,0.0417838980703478,1
0.1876833540155962,0.3273013735364948,-1.46897695451574,-1.40014152072684,1
-0.4507243395100981,0.2063347482053856,-1.0232955731916424,-0.8318751136027998,1
0.0862590932322254,0.374566478798319,-1.3848633556240346,-1.4044743437723606,1
-1.4957228990212286,0.5484570680089681,-0.4754036357308436,-2.018306813034457,1
0.9841076670061608,1.008375688737349,-1.1448239406852876,-0.0111622472771119,0
0.2629967267616133,1.1014911846065685,-0.8017546511658892,0.1372250386719515,0
1.0293970374968269,1.3431005849262063,-1.2112281919074646,-1.2006412068726524,0
0.8854352545307698,0.0557272941507595,-0.0120291538451709,0.5497321709223356,0
-0.0471985117295862,0.8881078983560179,-0.3974453697381668,0.0042168938624829,0
0.5310732025952539,0.7625391892092965,-0.3029805062676194,0.8440322723405097,0
0.3207081235018562,-0.2874535049304136,-0.7603941563466233,1.1986476512243327,1
-0.2877177956197608,-0.506136005470867,1.544350947502017,0.8033942012487318,0
-0.6584853677749727,-0.6451018919474816,0.610049399547625,0.8298672739224618,1
0.2551493843999827,1.194964620328113,-0.8073250881785848,0.0306899665362129,0
-1.0844236276188142,1.4002346032592878,-0.6333185619945019,-2.0373998024987845,0
0.2362172310790981,0.9410148174806852,-0.2289999965050917,-0.8768222010200677,0
1.0601881790503105,0.1752962495823125,-0.0859999153429264,0.8274056590713254,0
-1.5677565753183489,-2.50949126942633,3.3010114696098363,0.1119803927517867,1
0.111673221723569,-0.0010658290848689,-1.046180785252134,0.469695406583559,1
1.4680036527226732,-1.0224898095825512,0.3159071151230708,0.7196612055580458,0
-0.8580471549176053,-0.4119586213730823,-0.0150000535852753,1.3550578018236183,1
-1.4093669431672309,-2.456925245399116,3.131159561031056,0.3434769383267415,1
1.0845043834085468,1.4090467415284416,-1.316834393606488,-1.8028083833198865,0
-0.8682522189753311,-0.5678550628646879,-0.0555714031610759,0.7412110485295029,1
0.2056724186580427,1.2249463441490829,-0.4684429104803959,-0.2481819518991038,0
-0.4599792769141737,-0.0458594448901606,-0.8341792366106222,0.1957133884424727,1
-0.0467762332168527,-0.298034888755347,-0.7315439346517033,0.8003183730208129,1
-0.9615405804133702,-1.218589714392247,0.9823402732294566,1.0041086578244665,1
-1.604002147661306,0.3184892352673412,-0.4760001366942865,-1.4229483585158988,1
-0.4901827475374362,-1.4718406822898968,0.8327972495927957,0.723970221883536,1
-0.9551008330941846,-0.3798616434724184,-0.0146054809635427,1.2226924384549689,1
-0.4648636317114576,0.1509563396241859,-1.053932976761469,-0.0056390882300747,1
-2.630737161496713,1.2404570710831828,-0.2642005163944849,-1.6624439620210454,1
-1.137595530347172,0.0077633539391573,-0.4227026595598981,-0.4384452583815222,1
-1.3333568108752036,-0.2669963901322739,0.2900510033224748,0.3871908376464382,1
-1.0557790685050594,-1.50074858655389,1.4260255812906717,0.9043680235853848,1
0.7955955009467208,0.8309738800229367,-0.4179306518523554,0.7812301449004921,0
-1.1782750270738314,0.3632828510726329,-0.4304594931000769,-1.3527185344264174,1
0.4615028176224123,0.4909651098235614,0.1601901904640055,0.8655773539679606,0
1.2078097091267244,-0.7773521450042769,0.1222183781607962,0.6180731698446104,0
1.1111079297107562,0.1858810423582205,-0.1552172372565148,0.8360284530663119,0
1.617314296850021,-1.1748528733890589,0.4885442422081994,0.454301981411946,0
-0.9900443800228804,-0.5731389368752055,-0.0627433408149217,0.6439320291415577,1
-0.7389646143267625,-0.3788031641948276,0.0060747664460901,0.57928535703359,1
-0.1118387950662644,0.2215045800420331,-1.1205461193716222,-0.7875470009063202,1
1.9911011603712767,0.1781086341362977,-0.6323205253630606,1.2602118292227729,0
0.7659656253032546,1.0373006377562153,-0.3791488051668833,-0.2709887896881624,0
-0.2871054917762973,1.102547959408672,0.1775049655118013,-1.2135920625691534,0
-1.9289102733336616,-1.3166481891745312,2.285358331115867,0.3816486332233768,1
1.6495482233220102,1.1307740734777598,-1.1116102099970893,-0.1693817085987027,0
-0.8490385466459577,0.2229022499415894,-0.6394692528626867,-0.6619427460262852,1
-0.2372168044844421,-0.6316876698627157,0.1711453832556403,1.158652361573374,1
-1.5611056887427963,-2.6283443451532325,3.778513972368958,-1.0134727739941771,1
-1.0746056521977607,-1.4961635474931507,1.1185606683440867,0.2708283514821783,1
0.9359327266784824,-0.8249751901184263,0.1916167392772972,0.6734856913872127,0
0.095704055967031,-1.2647980448519676,1.6105927276446574,-0.799831268441972,0
1.242999585187848,0.3407155956212606,-0.1605880669429222,0.7276650248322437,0
-0.4295400341213017,1.3028920081816546,-1.2032903191643731,-3.005238198611928,0
0.6615220731538396,1.4901797747221968,-1.1434313314321136,-1.702439251672004,0
-1.660833797500021,1.125132259614917,0.4042217519285178,0.1310638595281014,0
1.5458084686938176,-0.1908131537535327,0.0555820253964235,1.1327982636204326,0
0.7156089126597867,-0.0902951208431269,0.0730824816779759,0.7646082929753139,0
0.086966409741054,0.0687835763831999,0.8148790105352912,0.8292530605456793,0
1.0664167871131291,1.4940489340782852,-1.1151845737469022,-1.389047589192705,0
-1.0844236276188142,1.4002346032592878,-0.6333185619945019,-2.0373998024987845,0
0.0477860017345988,0.9727521510535364,0.0412613602429515,-0.9673353505753924,0
1.5076626430435591,1.3794229575597974,-1.24086755884585,-1.2696330815205563,0
-0.2751268579650908,-0.393616760654637,-0.4354311081339078,0.8655773539679606,1
-0.9343388062181216,-0.3682234848453815,-0.1943959775791414,0.5940617120220169,1
-0.4295400341213017,1.3028920081816546,-1.2032903191643731,-3.005238198611928,0
-0.3314517735885253,0.1611831925477685,-0.7446808819399774,-0.5092464437517317,1
0.5975820683507777,-0.6754245108659039,0.2691850746790853,0.5380340248338308,0
-0.6609838489753125,0.0377450777601269,-0.4340384988807339,-0.226660676991683,1
-0.3112035189029548,-0.5607985343474158,1.320233698357892,0.3754922154235328,0
0.4546407917904931,-1.0895097857417622,1.5839242604463764,-0.2931290393163717,0
-0.1366884779455875,0.8200311473947032,-0.0758570779489762,0.1230600402539035,0
-1.1023704644099874,1.7515270011843491,-0.1673491848670817,-3.502703420365759,0
1.1093484359077,-0.8553148537917213,0.3276514531581709,0.6839511255125469,0
-2.6018110833744696,1.2051914732516955,-0.2737468528249922,-1.6094978166735854,1
-0.2397082477095697,0.002462435173767,-0.8976125880926948,0.1840147662195673,1
0.8636527212489342,-0.2514771408207373,0.7411171404255118,0.4512213918400209,0
1.362785923299913,1.071168565688146,-0.9701907403372764,-0.1151976138096655,0
0.384648128304918,-1.2799678766886151,1.6847723805303887,-0.2525147749446243,0
-0.9764258979872256,1.7822075599550968,-0.1609849605800768,-3.0434241775405813,0
-0.0788130963828998,-0.406315103034752,1.4689875767510876,1.0004138548757588,0
-0.9705139988089568,1.6354863100114323,0.0987529122448154,-1.991833740360728,0
1.0673669137667794,0.8433142825507263,-0.569676319124453,0.2191106328882837,0
1.1606904650808796,-0.9896786564527238,0.4549359388982685,0.5645087163645228,0
1.1501686921386036,0.8644838681025423,-0.7540345740904624,0.5060197000058407,0
-0.3974539051287691,1.1410009264013423,0.1031164212380937,-1.493749543886108,0
1.2522193327158624,-1.089151845889437,0.5414401836745893,0.5152519460336037,0
-0.6490192911145304,-1.5392015535465606,0.98591463697927,0.7165853773301268,1
-1.5678973348225933,-1.743056821823307,2.5896434529343715,-0.1515266685759532,1
0.1404726162919926,0.957582319216889,-0.1735138018277983,0.1267548432026111,0
-0.4883528739822578,0.0102348433956897,-0.8620082115198813,-0.0019252399053428,1
0.9541610824781444,0.6651965941316632,-0.4437821216221075,-0.14414658536655,0
1.2914912344000764,-1.1469846991722965,0.4529398656353858,0.3330115042014072,0
-0.6882208130466222,-1.4591423399097818,1.0099835669049595,0.5164851341311749,1
-0.426577046556955,0.2521851388127808,-1.1334741752719202,-1.126173786617772,1
0.7467871428499423,0.2451286102955088,0.1472621345637074,0.6950355343586697,0
-1.2104737636697591,-2.413546344248253,2.4504289479254173,-0.4612044827305203,1
0.8826904441980021,0.935373003617842,-0.5511755051960374,0.1464572846997145,0
1.6181236639994268,1.0704526859834953,-0.9337972185209976,0.0750180792326922,0
-0.594897261732522,-0.5787807507380486,0.3421577995453994,0.779996956802921,1
0.8338468962251625,1.2210601400381214,-1.1058308815964175,0.0805888517197901,0
-0.5240600412214801,-0.1922244594569871,-0.7182213061296727,0.3447101264243127,1
-0.7759491740670037,-2.1627839105620086,2.047314989440003,0.0892068843707705,1
1.1376762861369047,0.405604977421392,-0.1945932638900077,0.7282792382090263,0
2.2490077620232527,0.5618542453388612,-0.9145095803645386,0.8274056590713254,0
0.1807298345059182,-0.4250080857035737,1.344488309517338,0.2455837055620136,0
1.3227750342184157,-0.8845806979080402,0.2753357655472702,0.6710240765360762,0
-0.0189797501161711,-0.2066767071134966,-0.1486441215815338,0.3557945352704356,0
0.4115331936156165,-1.1434734796685329,1.6529512590953643,-0.4421591067062541,0
0.1448854267500575,0.2659402559949994,-1.1670824785818512,-0.097342573786916,1
1.0878474216343534,-0.2049210973616149,0.0685100812967215,0.8742001479629472,0
1.230120090549477,-0.0871247964368163,0.0951553383407828,0.9948716504526972,0
0.6080334615409314,-1.5004076914564377,1.5676307321842415,0.5287989219996642,0
-1.4610256812249605,-1.7779815245573414,2.5450799568328057,0.1125946061285693,1
-0.3980626899846265,-0.6288752853087306,-0.4044060949886146,0.508481314856977,1
1.6465922737328758,-0.4126642742248095,-0.1784854168616292,1.1001354437388162,0
-0.5886334637936421,-1.4425577934187055,0.793200726494217,0.5515790962622888,1
-0.1419968707494081,-0.5068348404206452,0.0011077934431031,0.9357690873053937,1
-0.0580510695068368,0.5223615482989599,-1.519900032873467,-2.4757291316972694,1
-0.9694231126510618,0.2119765620682286,-0.556539371836179,-0.7253638481870914,1
-1.6291277191689486,-1.7222451761238164,2.490791406113242,-0.1952358065516439,1
0.4402833223575547,1.1635681818527148,-0.6177909688216124,-0.0924383894606675,0
-1.3210403542538105,-0.3322471207357052,0.3630469383430085,0.3533281590752931,1
-1.4189385894558564,-2.6558545795176696,3.7618026613308713,-0.6194715574921719,1
-0.9453532374252532,1.6379577994679648,0.2767283748004441,-0.9913325243659676,0
0.5675651040706392,0.0183481467150652,0.1806847566398818,0.5275676384396953,0
-1.0190408378972464,0.1435418712545886,-0.4696359124072816,-0.7930701599533574,1
0.3974220533151059,-0.1749410780161326,-0.7816778677659648,0.87912337766522,1
0.2092617860162773,1.3371008312110382,-0.6420687901352781,-0.2826540825030255,0
-0.9669950112028444,0.0275182248365443,-0.4330451042801365,-0.2309458865971429,1
-1.0979717299023468,-0.3442389580263494,-0.1812706353679771,0.5965242791419544,1
0.2040184944831699,1.1134906920369052,-0.7124651878832204,-0.4236850919627161,0
0.4385238285544984,0.3893783707826411,-1.3780859905919214,-0.5720485711917491,1
0.2766152087972682,0.0299726695382041,-1.066048677264082,0.6285386039699447,1
1.3032798428805528,-0.2437183684027127,-0.0707044237122327,1.4375718934487511,0
0.998711465571527,-0.0236330845362411,0.1667586641081425,0.8594209361681168,0
1.4836983374459345,-1.1508709032832576,0.4775890494165644,0.4475265888913133,0
-0.4922519122498303,1.2764385486193208,0.0772603094374977,-1.7480053138100606,0
-0.3167951902090673,0.070897125987407,-1.0163325269257726,0.0707328696272324,1
1.2325833818737553,1.477123492489756,-1.1889696540109014,-1.4863218472366442,0
0.9694686785647332,-0.9096194428159448,0.3195046890271035,0.4709238333371243,0
-2.222429029559495,0.9776951299666014,-0.1953893721797389,-0.8207811820686648,1
0.6908352399127556,-0.2874535049304136,0.8007672367697952,1.2515937965717927,0
-0.808183100538993,-0.4722697820144233,0.2646126742978309,0.6137636773847196,1
-0.1353262778432614,0.7195182279107593,0.0893992200943305,0.2240338625905564,0
0.989280578787146,0.802406870856396,-0.4716250226238984,0.981325626755438,0
-0.3484555217012604,0.2200898653876042,-1.0922993616864107,-0.7641211883964729,1
1.613373030731175,1.137813557240159,-1.0061896895318223,-0.0425395042770902,0
0.0733408897301869,0.2056188685007348,0.6720901417765239,0.8754285747165124,0
-1.6344765803302397,-2.453754920992805,3.150261517953758,-0.0936763389022449,1
-0.1850738537321115,-0.2606489234177036,-0.4006274818816693,0.5017106836803504,1
-0.0189797501161711,-0.2066767071134966,-0.1486441215815338,0.3557945352704356,0
0.914783611165747,-0.7695967815372268,0.213689595940104,0.711657386283848,0
-1.633807972685078,0.4782667674434463,-0.438413612951122,-1.9160807572242091,1
-1.689267217357409,0.7068198855306442,-0.1916107590727936,-2.0355428783364187,1
-0.0189797501161711,-0.2066767071134966,-0.1486441215815338,0.3557945352704356,0
-0.861671712151901,0.3008479139741612,-0.7743202488783626,-1.28563119738094,1
-0.7937552513539323,-1.50074858655389,0.94476303354798,0.5946773538020013,1
-0.0736929694160063,-0.4165436604338219,-0.4181279381632217,1.139559372109047,1
1.3262940218245278,-0.2888648106338679,-0.1013232591586835,1.0305817304981963,0
1.047062355279511,0.5935915789117124,-0.9099371799832842,0.1390676788022992,0
0.0218088352262773,1.41504649524361,-0.5790068011207185,-1.3447194764962258,0
-0.2754083769735797,0.2165616011289682,-1.1147900011251697,-0.9482423611110656,1
1.345965162542696,1.597749222723413,-1.2746847535437569,-1.5017486018162998,0
1.278893258770194,-0.828145514524737,0.1860463022646014,0.8058558160998682,0
-1.9967915442555693,0.8016909911517452,-0.3705981843523953,-2.699226619342032,1
1.2547530037922634,-0.1735297723126782,-0.0529950760427041,1.3716748924047903,0
1.4824315019077337,1.4675954745159518,-1.388623400607604,-1.4352326260515509,0
0.0301805067412186,-0.883881862958262,0.3926863052813937,0.0984438917425396,0
-2.0181166091486102,0.9322026792115314,-0.3174982256304155,-2.955386926868411,1
0.5196716827514498,1.1843798275522053,-0.8671840759108445,0.2074120106653782,0
0.8667846202183742,-0.2070380559167965,0.207121122295967,1.4559982947522283,0
-0.993598557505054,-0.4613372762391135,0.3751858489998412,0.930226882882332,1
1.455229727712485,-1.0870382962852296,0.4129719800692939,0.5694341838984783,0
-0.4062372981936255,-1.479596045756947,1.0312672783243009,0.8643489272143955,1
0.3877448373982969,1.2365708669722213,-0.8516796928921746,0.2172632314139299,0
1.2343428756768116,-0.8884669020190016,0.4107670154184353,1.0847563025992213,0
1.3051097164357317,-0.9547709984735618,0.5641165043471049,1.3433448955686944,0
-1.1349210997665269,-0.0253886942881228,1.2482357999687996,0.3773396168978866,0
1.1839509731572824,1.4489144231755409,-1.2899802451744504,-1.800332484436732,0
0.1687054538558322,0.2412424061845474,-1.2657256340150045,-0.2297079371555656,1
0.1069296264305295,0.4994363529952622,-1.4381538697121572,-2.130341237497203,1
1.2692160428533852,-0.2398389821937003,-0.0858142341091698,1.0939933099709904,0
0.1872118096763772,1.1029058992609977,-0.6402816082603715,-0.1305767549492604,0
-0.4617176567915932,0.2274872890023289,-1.1780144612192665,-1.0011885064585255,1
1.201510721311783,1.403046987813273,-1.2193981661927518,-1.4432316839817425,0
0.3048022995222283,0.1114465978294119,0.1422951615607204,0.4770802511369683,0
-0.6585557475270949,-0.5717412669756492,0.1663640914864098,0.7676841212032328,1
1.342059086299911,-0.0751252890064794,-0.4366241100607935,1.0213494844704334,0
1.1346851466717092,0.6415725638781874,-0.7226080252771705,0.454301981411946,0
-0.4951163681612057,-1.4213882078668896,0.9759806909732957,1.0589022046462802,1
1.1169142592608416,0.8412007329465192,-0.5941398216718752,0.7018061655352964,0
-1.0916727420874055,-2.1091611117326905,1.7909588360849011,-0.2574189592708728,1
0.0241102531206748,-0.2162081340382755,-0.5981087580434209,0.7578329004546812,1
-1.190661863447347,-1.737772947812789,2.058038080689442,1.1210853573655088,1
-0.0172272942883271,0.7971059520910058,-0.401820483808555,0.2985346122534794,0
-1.7377940564456986,-1.3184037989264128,2.2024284500893594,0.3157706775554403,1
0.5836116875545116,-1.4884081840261003,1.6400232031950663,0.28067957223073,0
1.6776649342948482,-0.271934255618877,-0.2826943672766347,1.1290844152957007,0
-0.1695248550957433,-0.4232439535742557,1.4677806487316702,0.7830775463748461,0
-1.0776319815390174,-0.2969764094777562,0.0923701198344349,1.0305817304981963,1
0.9752398182387576,1.153341328929132,-0.9982518167887312,0.1950991750656901,0
0.4451747151300508,0.1682397210650406,0.3497243098209778,0.6199205713189642,0
0.4605526909687619,0.3001490790243831,-1.2557916880090303,-0.2518958002238356,1
-0.2597207302255307,0.1245028800618524,-0.968612449850346,0.2548207129337826,1
0.1144461839571855,-0.2779306003830709,-0.7074982148802335,0.9665511763046136,1
1.1648780603321534,-0.1922244594569871,-0.1019197601221264,1.0471892983913562,0
-0.2478828559185687,0.2292599435090832,-1.149790913688275,-0.9032952736937976,1
0.108854512651073,1.576238742074144,-0.6452485812633586,-1.3718115238907442,0
-0.1653439459209212,-0.0677278653917547,-0.6513992721315435,0.2049503958142418,1
-0.3688445358910754,-0.3431809900914048,-0.3982414780278979,0.8064747908206569,1
1.316053767890741,0.2405435712347693,-0.6549968460355761,0.8551119198426265,0
0.2958992608787639,1.175209749430726,-0.6800406024384873,-0.2876058802693346,0
-0.8349274063454472,-0.0599554571698319,-0.3137196125234702,0.0331658654193674,1
-0.1492310999004257,0.2793374333248926,-1.3472629057883383,-1.5325068840954896,1
-0.9725198217444408,-2.024158919182846,1.6428084217014145,-0.3245539097564109,1
-2.0156885077003928,-1.2048345972100285,2.0739602464840643,0.0350227895817333,1
1.056458052187831,-0.2147968283348212,0.1639734456017946,1.468330175727941,0
1.0291507083643991,1.4376137506949822,-1.190153371876099,-1.193880098384038,0
-1.3418023811298732,-2.675251510562731,3.836585778226311,-0.4002592794528688,1
0.0481625334084529,-0.3318874764078925,-0.0360980837708604,0.2997535163190324,0
0.3576574933660361,0.2870927967919427,-1.2657256340150045,-0.19280752110855,1
0.9459618413559028,-0.8623543375541207,0.1226129507825288,0.389038239120792,0
-0.4451326682039856,-0.3209605954016908,-0.3119298775315995,0.457377809639865,1
0.7672324608414551,1.0373006377562153,-1.1891553352446578,-0.0548713852528026,0
0.2456129279874181,0.3481130192359853,0.4642664208945338,0.96901279115575,0
1.1239522344730664,-0.1601274815563232,-0.1645639663607338,0.8692721569166684,0
-0.7394924624676794,-1.5469569170136108,1.5075628530640055,1.02812011564706,1
0.0301699497784003,-0.883881862958262,0.3926863052813937,0.0984343690545274,0
-0.96717096058315,0.2973366944703979,-0.4861429740882366,-0.0265413884167068,1
0.0419620772464829,-0.9177327461353204,0.0712952998030694,1.0915174110878358,1
-0.146553607800563,1.1540401638789102,0.0002954380454183,-1.321341277426439,0
5.79728328967839e-05,0.6165338189702828,0.1474710259516835,0.3748780020467502,0
-1.205336041764835,-1.457011745550702,1.6837743438989476,1.4338580451240193,1
1.3334375666649358,-0.1347307967960932,-0.156809453835977,1.025039526075135,0
-0.5898299195797202,-0.6204040421370296,-0.4463677328021671,0.4672290303884166,1
1.466596057680228,0.6313457109546049,-0.8172590341845589,0.6593254543131708,0
-1.8926647009907045,0.2349017573719262,-0.0776674699781023,-0.1201494115759747,1
0.8431370235052991,0.754425885889921,-0.4950928095553011,0.2880644167841392,0
-0.8014970240873796,-1.8016055548108167,1.458055594113672,0.2498927218875038,1
1.01915678356304,-0.172120171084711,0.0424682882623689,0.7547570722267622,0
-1.0307238767495397,1.5723525379631824,0.124794705279168,-1.0818456739212925,0
1.121805652033338,1.1494551248181706,-0.9759700687379482,0.3545613471728643,0
0.8031613242998625,-1.0436423503794945,0.6484389946267866,0.648241045467048,0
-1.417108715900678,-0.2885119842080044,-0.1589958503634601,0.4087406806178954,1
1.192079834527402,-0.2881591577821407,0.1428986255704291,1.5465114443075534,0
-0.7701780343929794,-0.341417369304733,-0.5002640319154203,0.3908856405951458,1
-0.7852041114710793,-1.4813516555088286,1.2249560152865755,0.995490625173486,1
-0.6534884053742931,-0.4962534565957117,0.223043288090589,0.7553712856035449,1
-1.196433003121371,-2.087650631083421,1.7143885373145549,-0.4390642331023109,1
-0.6962792946646195,-2.0576689072624523,1.9073113391875836,-0.0197802799280923,1
-1.2870821238548258,0.1484848501676535,-0.2494829576038583,0.1575416935458373,1
-0.7491696783844886,-0.1460144245217793,1.7249259473302372,1.0195020829960797,0
1.1466497045324913,-1.0023769988328388,0.6838344798116239,1.2109795322000452,0
0.9009539898737254,0.8997494659340295,-0.6064644135624645,0.7202754189348284,0
-0.5878944763963585,-0.6158190030762901,0.2600402739165764,0.8132454219972836,1
1.861180137953608,0.6662533689337666,-0.8836864955609555,0.4506071784632384,0
1.288816803819431,1.4090467415284416,-1.2370843037080608,-1.4241386945174153,0
0.3683904055646788,0.9741668657079652,-0.9713976683566936,0.0750180792326922,0
-0.6080934652554435,0.1280311443204884,-0.5195539910873013,-0.4002592794528688,1
-0.1940951303591411,-0.5967800118835539,1.53938397449903,0.5540421395166271,0
-1.5189130273455091,0.5071917164623123,-0.5386466639483158,-1.8514217056218256,1
0.544762064383031,1.251041863859091,-1.1416209394029877,-0.3239349350356223,0
0.0495736474385039,1.3956495641985482,-0.7170375882644748,-1.523888851444509,0
-0.1092558581633779,1.2037767585972667,-0.5414295614392417,-0.5911415606560758,0
1.6526801222914504,1.1501710045228213,-0.9954665982823834,-0.1509076938551645,0
-0.0367858274030997,-1.0870382962852296,0.7367304212780139,0.0965869675801736,0
-0.0613378039309457,0.5262307076550485,-1.494043921072871,-2.4733008462541752,1
-0.2093147517555772,-1.4291606160888122,1.6153508092596685,-0.157097441063051,0
-1.6122717685356702,0.8863522886041362,-0.3437496063573707,-2.4880610126729814,1
-1.3969097270415929,-0.2758153463033766,-0.1719239062637581,0.4265957206406448,1
0.1586024404386836,0.7956912374365768,-0.194792871216296,0.3570229620240007,0
-1.8720434336188856,0.8747107210261248,-0.3644335673916787,-2.7460306309216658,1
1.882153304086038,0.6232324076352294,-0.883500814327199,0.540497068088169,0
-0.1970545989358816,1.4316310417346862,-1.1859755441165774,-2.345839667211774,0
-0.4686676573136651,-1.0923221702957475,0.1864408748863341,0.8089364056717933,1
0.1866487716593992,0.6295730564478504,0.189434984780658,0.5078671014801944,0
-0.5572089044710585,-0.1068626225793306,1.4630225671166592,0.8655773539679606,0
1.566429736065636,-0.0550295230116396,-0.3244589067815702,1.3482966933350038,0
2.1569862361234144,1.345912969480192,-1.3482609424197798,-0.9685256865769092,0
-0.9965896969702494,1.82100142204522,0.3594725745931953,-2.188858155331761,0
1.5460547978262456,0.1953920155771523,-0.1651604673241767,0.9517767258537893,0
-2.523971077527264,0.863410048545566,-0.1669499702145052,-3.0458524629836754,1
-1.9359130586698248,-1.2118911257273004,2.0956385305251386,0.1544611039739123,1
-0.4981708494033112,0.1488427900199789,-0.6108279225557428,-0.1786187159704717,1
-0.1113215038881659,0.7420854833621313,-0.6840327489642526,-0.6108535248411914,0
-0.7530757546272733,0.1488427900199789,-0.8763288766733532,-0.5510986575650564,1
1.4815517550062056,-0.9025629142986727,0.2785155566753506,0.8304862486432504,0
-0.5465111821484769,1.500747522743232,0.1615827997171793,-2.1229611542878,0
1.3396309848516936,-0.7512566252942686,0.0488278705185299,0.9080628265340924,0
-0.2577008313396223,0.0945211562408828,-1.009369480659903,0.2523543367386402,1
-0.4393544905547491,-1.305705456546298,0.6949753538370155,0.7202754189348284,1
0.925305384108023,-0.8955063857814008,0.8664055529027266,0.961008971881552,0
1.3131681980537286,-0.9156191965311132,0.521154508886689,1.08537527732001,0
-0.0353606374226242,0.2366573671238079,-1.3707283717043193,-1.3428625523338595,1
0.3497397712522833,1.1014911846065685,-0.8116885971718631,-0.3695009971736789,0
-1.1671198363624549,0.3364714516579739,-0.368212180498624,0.0116445905119467,1
-0.250458754846243,1.0679811965269628,-1.0517512222648298,-0.636088648073344,0
0.8079119575681142,0.1615411324000939,-0.2057318168999773,0.8101695937693646,0
-1.1077897053234005,1.6245606221380715,0.1651571634669925,-1.319484353264073,0
1.3240066798805548,-0.200688884726739,-0.1311529493616692,0.925917866556842,0
-0.0915905403806938,1.0136766075027397,-0.2620117988515799,-1.2363512869181514,0
0.5560580145986517,0.7191602880584339,-0.236357615392694,0.8384900679174483,0
-1.970575086590032,1.0433003914713836,-0.3141174345667936,-1.574406711348875,1
-0.7753861360500257,0.2574690128232985,-0.6062555221744884,-0.5652874627031346,1
-0.9841324808446116,-0.3456494114920602,0.1244001326574353,1.1081821151090685,1
-0.5938063755746272,1.5268600872081128,0.1237966686477266,-1.4912736450029531,0
-0.2251924238343562,1.243985335341819,-1.184188362241671,-2.6752294455514565,0
1.2469056614306329,1.573051372912961,-1.2359005858428629,-1.5011296270955112,0
0.940366651062184,1.2986478642183676,-1.311658529215525,-1.3385773427283998,0
1.4548074491997516,0.2165616011289682,-0.8130812064250371,0.708576796711923,0
1.37584136731859,0.2398447362849911,-0.1303591620873601,0.8766617628140837,0
-0.4465895290729161,-0.1904603273276691,-0.7052932502293747,0.4758518243834031,1
-1.0508876757325634,-1.5825804546974234,1.2830278211439283,0.2492785085107212,1
-0.3260501276131429,0.193994345677596,-0.7504370001864297,-0.7819762284192224,1
0.1879648730240852,0.897976811427275,-0.0273478556300842,-0.602235492190211,0
1.4557927657294631,0.9011641805884584,-1.0855452068085172,-0.14414658536655,0
1.4076178254017846,1.3575545370582034,-1.4105105760366548,-1.2173059108938853,0
-0.9058701964846724,-0.3562307953169936,-0.0177852720916232,0.4678480051092052,1
-1.4917112531502603,0.0860669578240545,-0.1663534692510623,0.0497829560005397,1
-0.364663978615014,-0.0338599374598237,-0.8234329352069634,0.2006366181447455,1
-0.7139446124473037,-1.447841667429223,0.7824776352447778,0.1181368105516307,1
1.0856656493185637,0.7516135013359359,-0.7373232630523752,0.5577359901965335,0
0.7499894215715045,1.1438133109553277,-1.0193266368200966,-0.0554903599735913,0
-1.0094691916086207,-1.904249068653841,1.76271207839969,0.3293167012526996,1
1.188701606425534,1.4016493179137166,-1.2635438795183656,-1.6051649936280648,0
0.8313132251487615,0.0338588736491655,0.1023272759946285,0.7498290811804834,0
0.8979980402845908,0.9110330936597156,-0.4193209400901074,-0.5006284111007512,0
-1.4123580826324262,-0.249361886741043,0.220049178196265,0.3496333561265854,1
0.4111109151028831,0.7163479035044485,-0.2015539891404555,0.795390381974534,0
0.7211337232013831,0.7999353813998635,-0.5084177590927538,0.134758662476809,0
-0.6734410651009503,-2.1215185590153527,1.9774988455475495,0.3280835131551283,1
0.6425195400808327,-0.3333052591181986,0.7747254437354428,0.4352137532916252,0
0.3171187561436215,0.7152911287023451,-0.2164711552573703,0.8046273893463031,0
0.2913245769908179,0.4274733979229861,-0.633898815849991,-0.2666559666426419,0
-0.2806235166058383,0.1911649163687381,-1.1324761386404787,-0.757979054628647,1
-0.0854850968840888,1.2284746084077187,-1.1889696540109014,-2.204856271192144,0
0.3568833160926913,-1.1593421464549587,1.6119853368978314,-0.4365883342191564,0
-0.4001776015359,0.176353024384416,-1.1587268230628074,-0.9303873210883162,1
-0.7811220858479888,-1.7109615483981302,1.320233698357892,-0.0093053231147459,1
-0.5680121964218235,1.6340715953570033,-0.2882648042893304,-2.6795622685969773,0
-1.731283929374391,-2.59272080746942,3.69298455406986,-0.9654784264130264,1
0.967673994885616,0.9050333399445472,-0.5730417914862901,-0.6662279556317451,0
0.0221396200612519,0.614403224611203,0.0884011834628892,0.3428627249499589,0
1.3982573183695255,-0.3396539189656099,0.1494670992145661,1.106325190946703,0
-1.5233469517292106,0.3227163344757553,-0.3970484761010123,-1.2511590667770185,1
-1.557868220145173,0.1192190060513347,-0.1784854168616292,0.015310825396618,1
0.1625507445327417,0.9977908959614412,-0.962043976206209,-0.3540742425940234,0
-1.4198887161095066,-1.44219985356638,2.118105959809678,0.3342399309549723,1
0.1079642087867265,-0.2652339624784431,0.1860463022646014,0.7978519968256704,0
1.0784869146020946,0.2116186222159032,-0.2717577426083755,0.4887788733598737,0
-0.5062891538106125,-0.3132011411934712,-0.3815348090206547,0.7849249478491998,1
0.7933081590027479,0.6983486423589432,-0.4326458896275599,0.2375798862878158,0
1.0916127383728935,0.8158040481862892,-0.514382768727182,0.795390381974534,0
0.0643217244957209,0.3361305565605211,-1.421651450062046,-1.5251268008860863,1
0.8937752551572561,1.1713235453197646,-1.1682894066012683,-0.0874865916943583,0
-0.2348203739246796,0.2246749044483437,-1.0362236290919404,-0.7555031557454925,1
-1.238801613898964,-1.4587844000574564,2.1220748961812235,0.1427624817510069,1
1.066592736493435,-0.9953375150704394,0.5981193802787684,0.7393636470551492,0
-0.0097107367616711,-0.0976925444578516,-0.6609618556700044,0.3009962271046159,1
0.7698013217939172,0.6595547802688201,-0.3091455874314204,-0.1829515390159923,0
0.1735898086531162,1.279966812877957,-0.4781888542371915,-0.229088962434777,0
1.2431051548160312,1.4055184772698055,-1.2790482625370354,-1.6254959325339688,0
0.5514129509585834,-0.0098779673540226,0.2904687860984269,0.7929287671233975,0
-1.7360345626426426,0.2567701778735203,-0.1937994766156986,0.0116445905119467,1
1.1786373018720528,1.3857806511272912,-1.226546893692378,-1.2117351384067876,0
-0.2113346506414856,0.6775369966594528,-0.2087143217171914,0.2338850833391081,0
0.9880137432489456,-0.2578263120107948,0.000898902055127,1.1364644985051038,0
-0.2296545001189067,-0.7032926850826664,-0.3465338964575498,0.8360284530663119,1
-0.0189656741657467,-0.2066852294909329,-0.1486534056432216,0.3557897739264295,0
0.5361053548719945,-1.1995507231995108,1.6746295431364389,-0.1133406896472996,0
0.0544122553969084,1.508519930965155,-0.6466411905165326,-1.4931305691653196,0
1.1763851498041409,1.3392143808152457,-1.2313281854616085,-1.1144608803628484,0
1.3981517487413426,1.5314451262688522,-1.3868362187326977,-1.5405059420256817,0
-0.0983575535472479,-0.3075577933026897,-0.7148558337678357,0.8508029035171363,1
-0.71570410625036,-1.9610251471345967,1.8583843340927395,0.6063754998905061,1
1.2072466711097465,0.3040352831353445,-0.1609849605800768,0.7350546307296589,0
-0.9387727306018232,-1.5261452713141204,1.4148847072652804,0.8594209361681168,1
-0.8065995561162425,1.0164889920567246,-0.7106780060083139,-0.3079368191752387,0
1.2359616099756232,0.8401439581444157,-0.6828258209448352,0.3016104404813984,0
0.4744175021368446,0.8514275858701018,-0.6201816147062277,-0.1829515390159923,0
0.252686093075704,-0.0913518956452304,0.899410392202949,0.3600987902519197,0
0.747561320123287,0.1192190060513347,0.1052981757347329,0.7590660885522524,0
-1.0844236276188142,1.4002346032592878,-0.6333185619945019,-2.0373998024987845,0
-0.6832238506459426,-1.5751830310826986,1.508769781083423,1.152510227805548,1
1.185534517580033,-0.1886961951983512,0.1639734456017946,1.055188356321548,0
-1.1765859130228973,-2.0442717299325586,1.6288823291696748,-0.3824042394301192,1
-1.004155520323391,-0.369280259647485,-0.1615814615435196,0.7664556944496678,1
0.0442177483020009,-0.3805672963241457,-0.2819005800023256,0.779996956802921,1
0.9572929814475843,-1.2090616964184426,1.2072698777712667,0.8409516827685846,0
0.0481625334084529,-0.3318874764078925,-0.0360980837708604,0.2997535163190324,0
-1.090405906549205,-2.5116048190305373,2.616079818590457,-0.341171000337583,1
-0.5983810594625733,0.1527119493760676,-0.8874697506987448,-0.3306960435242367,1
-0.754412969917596,-1.825945464768944,1.5262702373649757,0.3508665442241567,1
-1.2020281934150898,0.3879807008830848,-0.4612848989190819,-1.3201033279848615,1
1.2514099655664566,-0.7889937125822883,0.2313989436096326,0.978249798527519,0
0.7904225891657357,0.2066756433028383,-0.2453074508597585,0.8458749124708576,0
-1.922716855146904,0.9512416704042675,-0.3554837319246143,-3.005238198611928,1
0.6529709332709864,0.308620322196084,-0.1778889158981864,0.3779538302746692,0
-0.1550561504645756,1.2563257378696089,-0.4201170483798385,-0.367644073011313,0
-1.520039103379465,-2.5172466328933805,2.645510294140866,-0.925435523322007,1
0.2075374820892823,0.8485981565612439,-0.7900335232850085,-0.724125898745514,0
1.377530481369524,1.5656539492982362,-1.2726886802808743,-1.458039463840609,0
-0.0384608655036092,1.3882350958289509,-0.6024954771909188,-1.398284596564474,0
-0.760113729839498,-1.3543852764625508,0.8922616647033228,0.7079625833351404,1
1.2020385694527,1.3416858702717778,-1.2877984906778115,-1.555313721884548,0
0.4763881351962676,0.4870789057126,-1.5165113503574106,-0.9734774843432183,1
-0.6882911927987444,1.520144453788293,0.3214775521357665,-1.383524430145668,0
1.90664545782458,0.5911371342100527,-0.8822938863077816,0.5380340248338308,0
1.341460858406872,-0.1234471690704071,-0.169735188720853,1.018268894898508,0
0.2724628034220556,0.3668111153312688,-1.4300071055810897,-0.6767029124450914,1
0.3313706559483766,1.185794542206634,-0.7685409204776908,0.31146166122995,0
0.9115813324441848,-0.8965802053383771,0.2759392295569789,0.3065384315276773,0
-1.172785406408296,-0.430651604041904,0.2801170573165006,1.2233114131757574,1
-0.3957155252513495,-0.4130153961751859,-0.4065948125315196,0.7935429805001802,1
0.0610807369104914,0.3463574094841037,-1.4319799686897527,-1.5682169641409884,1
-0.7677147430687007,-1.3201764534331673,1.0380214332021944,1.1444635564352954,1
0.3247549592488854,0.394321349695706,0.1709364918676643,0.7202754189348284,0
-0.37537577688802,-1.201664272803718,0.7345486667813749,1.2719247354776968,1
-0.7006076494201378,-2.011818516655057,1.557673576024048,0.0528778296044829,1
0.6227428297344811,0.6941215431505292,-0.2013567028295892,0.972093380727675,0
-1.0647172970245848,-0.5075336753704233,0.5796208873657747,0.9376164887797472,1
1.0672965340146572,-1.021790974632773,0.6709064239113259,1.3014926817553698,0
-1.0883297038615989,-0.6013650509442935,-0.007642434697673,0.6457794306159115,1
1.4930236546021318,-0.9053923436075306,0.4855501323138754,1.2706867860361193,0
1.915900395228656,0.6849514650290501,-0.9869020513753636,0.2775989826588049,0
1.0880585608907205,-0.1089932169384104,0.1230075234042614,1.4240020630314616,0
-0.7713393003029965,0.1393147720461745,-0.9121421446341428,-0.4962955880552306,1
1.8692386195716053,1.4076320268740126,-1.4351597598178332,-1.4974157787707791,0
-1.4873828983947424,-2.493963497737357,2.645510294140866,-0.7776910188137627,1
-1.7832593763166704,-2.501020026254629,3.555557230935812,-0.9642404769714492,1
-0.6046800472775145,0.2299587784588614,-0.7345380445460271,-0.985190390598142,1
0.109607575998781,0.2920357757050076,-1.3466594417786295,-1.4044743437723606,1
0.2340002688872473,-0.2186762145438335,1.0656647268776969,0.289911818258493,0
0.6892868853660662,1.3423847052215558,-1.0290749015923142,-0.7764530693721853,0
-1.8182029232453665,-1.3808387360248844,2.3187809531920416,0.0559727032084261,1
-1.1175021111162704,1.6160893789663708,0.2650072469195635,-2.0891079984046668,0
-0.4678231002881982,0.1841083878514661,-1.161512041569155,-1.073227641270312,1
0.7836309430859388,0.212334501920554,0.1309686063015724,0.6562448647412458,0
0.1336598562865591,1.233059647468458,-0.8232240438189873,-1.4235197197966267,0
0.6392820714832093,0.281808922781425,-0.2425222323534106,0.702420378912079,0
1.232513002121633,1.404461702467702,-1.2118316559171736,-1.345338451217014,0
0.8047448687226131,1.2203613050883433,-1.0929028256961195,0.1064381883287253,0
1.1931707206852966,-0.8574284033959284,0.2451161447533958,0.8150928234716374,0
-0.6885023320551111,-1.4319730006427975,1.011770748779866,0.983173028229792,1
-0.4141761342330151,-0.3837410296814307,-0.4236960541604955,0.6784089210894854,1
1.191516796510424,1.2055323683491486,-1.3416924687756429,-1.3527185344264174,0
-0.4618584162958377,-0.7047073997370954,-0.3363912911651418,0.6149949609446883,1
1.6041532832031606,1.0129607277980883,-0.8701781858051684,0.224648075967339,0
0.3078990086156071,0.5114188156707264,0.1401134070640813,0.6722525032896414,0
-0.8030453786340689,-0.2747568670257858,-0.1448747925362764,1.242975763920812,1
0.3141276166784261,-0.1516562383846223,0.988514174251861,0.37056898572126,0
0.5620754834051039,-0.0119915169582296,-1.0235044645796183,0.568818494505054,1
1.3167927552880243,1.4213871440562311,-1.2191892748047757,-1.482655612351973,0
-0.197286852117885,-0.5237602820091742,-0.5452081745461871,0.8427990842429385,1
-0.5338428267664723,-0.3809201227500092,-0.0269532830083516,0.7639893182545253,1
-0.85224082536752,-0.1573065746249017,-0.3906842518140074,0.2338850833391081,1
0.7090284058363565,-1.4044627662783602,1.52387959148036,0.6654818721130149,0
-0.8055438598344087,-1.9645534113932328,1.4805230233982116,0.1021291720032351,1
0.1995845700994683,0.99920561061587,-0.3898881435242763,-0.6995097502341502,0
-0.7820370226255782,-1.4097636850437507,0.9789515907134,0.7701457360543693,1
0.2805212850400529,0.3357726167081957,-1.4449080245900507,-1.3404342668907656,1
-0.6100992881909275,1.4224609636132073,-1.0097872634358551,-2.22456823537726,0
0.4262425618091662,1.0122618928483105,-0.5277077182646346,-1.126173786617772,0
1.265380346362723,0.1283890841728138,-0.1371202800115195,0.908677039910875,0
1.8275738063152356,1.391422464990134,-1.3208265401322534,-1.2486831678938637,0
-0.1115080102312898,0.3089612172935367,-1.3544348434421842,-1.5152708187935289,1
1.0646221034340118,1.566352784248014,-1.300123082568401,-1.857611452829712,0
0.6590587818295608,0.2751103341164784,-0.1908146507830625,0.7670699078264502,0
-0.7887230990771916,-1.829831668879905,1.6968880810330025,0.4641532021604976,1
-1.7016188638548633,-2.5327573598274804,3.3093671251288805,-0.2328028107595089,1
-1.4066925125865852,-1.7564710439080726,2.552043003098676,-0.0431584789978789,1
0.2186926728006585,-0.1255607186746141,-0.93739479242503,0.6199205713189642,1
1.503826946552897,1.086321352769921,-0.9186874081240604,-0.1422896612041841,0
0.7104711907548626,0.177767739038845,-0.277922359569092,0.540497068088169,0
0.3088491352692575,0.4472282688203731,0.2079334776936518,0.6747141181407779,0
1.4536109934136732,-0.9459588602044082,0.3413686543019342,0.6993445506841599,0
1.7446312684391665,1.375894693301161,-1.2082572921673602,-1.0344226876208698,0
-0.5398954854489857,-1.5635414635046874,1.0714440552783688,0.7430584500038567,1
-0.5084709261264022,0.183409552901688,-0.5951146481490969,-0.2032348644818357,1
-0.6197413142316753,1.291250440603643,0.2421220348590718,-1.941315880456362,0
1.0711322305053197,1.1741529746286226,-1.064470386777152,0.1279880313001824,0
-0.1615388646224319,-0.3572892745945844,-0.3507094032016496,1.1481774047600275,1
0.556972951376241,-0.3706915653509394,0.8757360348989921,1.0798521182729728,0
0.5891716879721691,0.8306159401706112,-0.3640343527391022,0.8009325863975955,0
1.0087757701250084,0.8792957600868644,-0.6321116339750844,0.6734856913872127,0
-1.893192549131621,0.2811100878316469,-0.1323459512885549,-0.1447655600873387,1
-0.4739778096112887,-0.670481531952839,-0.3698020760626643,0.5989873223962927,1
1.2698142707464244,-1.0760955636569964,0.7773017708538146,1.1087534763897966,0
0.7851089178805061,1.5053325618039712,-1.1133973918719955,-1.4173775860288007,0
1.4061046607311565,-0.728331429990571,0.0712952998030694,1.0004138548757588,0
-0.4720986702296247,-1.6746391757645394,1.2494195178339975,0.7301266396833801,1
-2.382402206133363,1.2549110232151797,-0.3210781598172412,-2.6628975645757444,1
-0.6420165057783668,-0.5625541440992976,0.2107186961999996,0.5571203484165491,1
-1.421331501028013,-1.34591403329085,2.0178845138895936,0.1729303573734444,1
-0.977129695508448,1.879908094885056,0.4481585738661554,-2.262087626145064,0
0.2571200174594056,0.3216595596736518,-1.4711587090123794,-1.3804295565417248,1
-0.9437696930025028,0.1992782196881136,-0.8807155958208511,-0.7044139345603987,1
1.2186833808296116,0.9364297784199456,-0.7478606730680579,0.634080808393006,0
0.8400403144119202,0.918447562029313,-0.514382768727182,-0.3269821951995049,0
-1.0138327362402,1.824188791206404,-0.1536273416924745,-3.080372207027658,0
-1.0552512203641429,-1.314534639570324,1.0710494826566364,0.5897517434277254,1
-0.8877826001892549,-0.4101944892437643,0.0711096185693128,1.3975289903577317,1
1.890845203473136,0.5262307076550485,-0.8439275013828397,0.7763069151982194,0
1.1717400861640723,0.1463713005634464,-0.1709281906477387,0.7301266396833801,0
-0.8902810813895946,-1.5388436136942354,1.211842278152521,0.4068932791435415,1
-0.6603152413301511,0.2334870427174973,-0.7816778677659648,-1.0701327676663688,1
0.1745293783439482,-0.9748667644684016,0.753232840928125,0.4265957206406448,0
-0.6316354923403352,1.495105708880389,0.0706918357933606,-0.8146390483008389,0
-2.1362842129618635,1.0574134485059274,-0.2940302065974705,-1.8200444486218472,1
1.382844152654754,-0.2486562338893158,0.0070728030775314,1.5292753790055926,0
1.0944279284577836,-0.1163906405531351,0.1391153704326399,1.5933154558871874,0
0.5148154798550147,-0.7565575440596589,0.3276514531581709,0.1877095691682749,0
0.6197165003932245,-0.0927666102996593,-0.0555714031610759,0.9757881836763824,0
0.1745293783439482,-0.9748667644684016,0.753232840928125,0.4265957206406448,0
0.7820825885392494,1.4968783633871432,-1.0922993616864107,-1.37366844805311,0
-0.8018137329719297,-0.1139191510966026,-0.2612180115772707,0.0565916779292148,1
-1.2340509806307125,-0.4183060880876525,0.2297974429684826,0.9369975140589588,1
-1.6098084772113916,0.2624119917363634,-0.4354311081339078,-1.2837742732185742,1
0.5808316873456827,0.8016909911517452,-0.2120960411869822,-0.4864872194027336,0
-0.7104256248411913,-0.6951793817632909,0.0720844450465346,0.9967190519270512,1
-1.2042099657308796,-0.2744040405999222,-0.219850553711739,0.6002186059562615,1
-1.416510488007639,-1.389292934441713,2.052073071055013,0.0177867242797725,1
-0.6893468890805781,-1.3935370784049996,0.9179088851159428,0.8526503049914902,1
-0.0367717514526753,-1.0870382962852296,0.7367304212780139,0.0965869675801736,0
-1.4969897345594287,-2.552870170577193,3.6116561736845023,-0.5301963573784244,1
1.6026401185325323,0.9004483008838076,-1.0867521348279348,0.0146918506758293,0
0.0296526586003018,-0.2835741187214012,-0.5195539910873013,1.025039526075135,1
-0.426014008539977,-0.305440834747508,-0.3316183550514304,0.3988894598693437,1
1.138907931799044,0.1826936731970372,-0.1267778352912811,0.7135047877582018,0
-0.7545185395457793,-1.142058765014104,1.1171680590909128,0.756604473701116,1
-2.363082964175806,0.8083895798166918,-0.2023500974301866,-2.77064677943303,1
0.3190190094509222,0.376680028402526,-1.4156864404276177,-0.669941803956477,1
0.6823896696580859,1.4573686215923691,-1.0227153193361531,-0.956860393762046,0
-0.1099596556846004,-0.2895704634855952,-0.4342381062070222,1.0293533037446312,1
0.5959985239280272,0.5576271461304472,-0.7415010908118969,0.0073117674664262,0
0.811254995793921,0.9339582889634132,-0.3077534423813308,-0.6373265975149212,0
0.2582460934933616,1.233059647468458,-0.8087176974317588,0.1834005528427847,0
1.3689441516106098,-1.1600409814047368,0.47301664903531,0.2923734331096294,0
0.0659686106953815,0.2990923042222795,-1.2706926070179916,-0.4187332941964068,1
-0.1383797033890852,1.125132259614917,0.0112506308370532,-1.3041052121244785,0
-1.1473431260161036,-1.868625530970028,1.7806303174571947,0.0996675571520987,1
0.1544218831626221,1.2563257378696089,-0.5064286488761369,-0.4790595227532698,0
-0.1515329400733359,-1.0104903021522142,0.0923701198344349,1.0041086578244665,1
1.0289395691080323,-1.0616416115249996,1.0738114910087644,0.6543974632668919,0
0.8923324702387501,0.6306298312499541,-0.2604219032875396,0.0171677495589839,0
1.2350114833219727,0.0987482554492969,0.0287510871186057,0.99733802664784,0
0.0301805067412186,-0.883881862958262,0.3926863052813937,0.0984438917425396,0
1.69212797335597,1.5518988321160174,-1.3347294225097728,-1.3853813543080338,0
-0.8831375365491865,1.516974129381983,0.2892618580790095,-1.7356734328343484,0
0.7056853676105497,0.7703115974312194,-0.5117971575471225,0.2381940996645983,0
-1.1716241404982788,-2.3765251366648843,2.4410752557749325,-0.7444568376514181,1
-1.4924150506714828,-1.7077912239918194,2.037752405901541,0.8772759761908663,1
-1.0548993216035314,-0.6182904925328225,0.0243643679711078,0.7233560085067534,1
-0.174457420023231,0.7286883060322382,-0.0693118144590587,0.0288806558139076,0
-2.0813176265543887,1.0669244217248597,-0.2598254023240968,-1.828662481272828,1
-0.1901010794262036,-0.4585146648322047,1.476136304250714,0.872966959865376,0
1.2306831285664548,-0.0116335771059042,-0.3298283879580175,1.1537005638070643,0
-0.1938593581895316,-0.2246725593080274,-0.4139524314191218,0.5392657845282003,1
1.330059338563068,-0.8059361989256901,0.1425040529486965,0.8883603850369891,0
-1.3520074451875992,0.5004931277973658,-0.5028496430954799,-1.7498622379724265,1
0.8410256309416316,0.1597684778933396,-0.2787184678588231,0.8397184946710134,0
0.528574721394914,1.064112037170874,-0.3298283879580175,-0.5080084943101543,0
-0.5699476396051854,-0.5410436634500289,0.2009704314277821,0.9351501125846048,1
-1.256396551929526,-0.2557110579311005,0.2842948850760225,0.536802741273862,1
1.2883241455545755,-0.8334464332901274,0.2254339339752042,0.9265320799336244,0
1.2801249044323335,0.9745248055602908,-0.8077196608003174,0.0104066410703695,0
0.4891620602064555,-1.4824084303109322,1.622313855525538,0.3096142597555962,0
-1.0818547666663525,-1.0803397076202832,1.064272117624523,0.5010917089595618,1
0.1301373496928406,0.1576549282891326,0.6838344798116239,0.8538787317450554,0
1.178179833483258,-0.8193333762555832,0.1991832495528755,0.4924736763085813,0
-1.4274545394626486,0.3534139380013757,-0.4075882071321169,-1.2917733311487658,1
0.0713702566707639,0.559041860784876,-1.5350098432704045,-2.347077616653352,1
0.6313643493694565,0.3703393795899049,-1.439337587577355,-0.4378262836607337,1
0.1745293783439482,-0.9748667644684016,0.753232840928125,0.4265957206406448,0
-0.6727724574557888,-0.3033255806678137,-0.5941398216718752,0.3360873324293262,1
0.3933048378159544,0.3202618897740955,-1.465008018144195,-1.2173059108938853,1
-0.6549663801688602,1.6972053674052532,-0.2278069945782061,-2.764504645665204,0
0.4253980047836993,0.1862219374556732,-0.2713585279557989,0.4973969060108542,0
0.8931770272642171,0.8376724686878833,-0.3871052460333504,0.9068296384365212,0
1.0352385569229734,-1.0256601339888618,0.6891960254363437,1.0767572446690294,0
-0.9485203262707544,-1.1360590112989355,1.1491980719139137,0.6205347846957467,1
-0.9669950112028444,-0.4444067212241225,0.1359355793045595,0.3539423724520756,1
-0.738225626929479,-0.5607985343474158,0.1391153704326399,0.8163260115692085,1
0.467414716800681,0.4168886051470782,0.1719345284991056,0.9265320799336244,0
-0.6612653679838014,-1.7659820171270042,1.7293126664777352,1.0287343290238424,1
-0.0189797501161711,-0.2066767071134966,-0.1486441215815338,0.3557945352704356,0
1.2366302176207846,-0.9706396652599876,0.3447573368179908,0.5768223137792519,0
0.7876073990808458,0.1946931806273741,-0.2381471182830225,0.8464938871916461,0
-0.6333246063912692,-0.296270756626029,-0.1142489940435596,1.319966696498908,1
0.3578686326224029,1.1706247103699865,-0.8425348921296658,0.2566681144081364,0
0.2133438116393677,-1.5092198297255912,1.599451853619266,-0.0511575369280707,0
-1.047122358994023,-0.4398216821633831,0.2986155502294945,1.1364644985051038,1
-0.4402025665678222,0.2486568745541449,-1.175832706722627,-1.0781318255965606,1
0.0452488116705918,-0.1569571571500126,-0.8518653741259312,0.5645087163645228,1
-2.4040439799109543,0.7713683722333229,-0.0728861782088718,-2.5834783465545548,1
-0.1138094281256873,0.0088201287412608,-1.1058308815964175,0.2566681144081364,1
-0.0392139288513173,-0.4807359117596624,1.552915494409037,0.8969784176879694,0
0.1344586664731466,0.4973057586361825,-1.545547253286087,-2.3286036019098133,1
0.3246141997446409,0.2200898653876042,0.6844379438213327,0.9419255051052376,0
0.2496597637344474,-0.9653557912494698,0.970201362572624,0.2646719336823343,0
0.0379222794746659,0.7004621919631504,0.0661194354121062,0.3477859546522316,0
-1.159729962389619,0.4426432297596337,-0.4592957887024652,-1.462324673446069,1
1.7808416509060627,-0.0638416612807933,-0.3147141676317786,1.4855662410299018,0
1.1243745129857998,-0.1890490216242147,0.0534002708997843,0.9369975140589588,0
0.1580886682481912,-0.2151496547606847,1.0704460186469271,0.3613319783494909,0
-0.1578748947269477,-0.5022498013599056,-0.5426225633661274,0.8766617628140837,1
-0.0876000084353624,0.7815952251569055,0.1428986255704291,0.1519994891227759,0
-1.8228127970093733,0.2042211986011785,-0.0748822514717545,-0.0499672009265541,1
-1.2007965477529503,0.0719539007895106,-0.2021504901038983,0.3761111901443215,1
-0.3425365845477793,0.921259946583298,-0.216271547931082,-0.1250535959022232,0
-1.208327181230031,-1.888380401867415,1.898352219658831,0.2197248462650662,1
1.2143550260740932,-0.8447300610158134,0.2636146376663896,0.663634470638661,0
-1.2154003463183167,-0.4422914671444282,0.3035825232324814,0.9757881836763824,1
-0.882961587168881,-0.1100499917405139,-0.4734145255142268,-0.0345404463468985,1
-0.550487638143384,-0.0130482917603331,-0.6394692528626867,-0.0899624905775129,1
-0.8786332324133627,-0.5858372792553206,-0.04145962939558,0.7793827434261383,1
1.622768727639495,0.3364714516579739,-0.65638945528875,0.978249798527519,0
-0.5307109277970324,-1.4034059914762569,0.9185123491256516,0.950543537756218,1
-1.5663137903998423,-1.744471536477736,2.566363668252148,-0.1170545379720315,1
-0.9260691853437576,-0.6898955077527733,0.0736859456876846,0.7824633329980634,1
-1.954915591742832,-1.2330436665242437,2.085890265752921,0.062114836976252,1
-1.6393679731027355,0.7410287085600279,-0.2876683033258876,-2.0731098825442835,1
1.6311791080181035,-0.2913328911394259,-0.2773258586056492,1.143273220433779,0
-1.0353337505135467,-0.3664593527160635,0.0209756854550512,1.1420352709922017,1
-0.2564762236526952,1.2147024464706273,-0.4467669474547436,-0.4224471425211387,0
-0.7292522085338926,0.2447706704431834,-0.7259734976390075,-1.1298400215024431,1
-0.8467512047019846,0.163654682004301,-0.8602210296449748,-0.5621925890991913,1
1.02260539141703,-1.1141905907973415,0.599906562153675,0.454301981411946,0
0.3912638250044093,1.1293593588233308,-0.2272104936147632,-0.4698225153815006,0
0.37155749441018,0.2567701778735203,-1.2599695157685524,-0.1115313789249943,1
0.7443590414017247,0.7205750027128627,-0.5937452490501426,-0.0216372040904583,0
-0.7719375281960356,1.704261895922525,0.2966194769666119,-1.0153296981565432,0
0.9334694353542036,-0.7681820668827979,0.1934039211522038,0.7147379758557731,0
0.7484058771487541,1.2520986386611943,-1.1579376778193422,-0.0782495843225893,0
-0.4907000387155347,0.1319173484314497,-1.0491516849922384,-0.0573472841359572,1
-0.8664575352962139,0.3280172532411456,-0.4716250226238984,0.0079307421872148,1
0.974571210593596,0.653912966405977,-0.4992683162994009,0.2757515811844511,0
-0.1022073259883348,-0.513192533988139,-0.0913846711218656,0.7996993983000242,1
-1.8567358375322969,-1.1787390775000202,2.0906715575221515,0.3145422508018752,1
0.1187675007374915,1.2210601400381214,-0.6094353133025688,-0.1466224842497047,0
1.7077874682031702,0.2274872890023289,-0.6428579353787434,1.1229422815278751,0
-0.1512041258714208,-0.2204403466731514,-0.4732172392033605,0.9283794814079784,1
-0.7981187959855117,-1.4510290365904064,0.9853343831237804,0.8292530605456793,1
-0.9802264046018268,-1.1519276780853611,1.2185964330304146,0.5386501427482159,1
-2.0968715517734053,0.7505567265338323,-0.1160384969338881,-2.586573220158498,1
1.1760684409195905,0.8958632618230681,-0.677069702698383,0.75845187517547,0
-0.8065995561162425,1.0164889920567246,-0.7106780060083139,-0.3079368191752387,0
-1.13470996051016,-1.301478357337884,1.0573090713586537,0.7861533746027649,1
0.4847985155748761,0.9688829916974476,-0.551572398833192,-0.6071396765164595,0
1.4466433979535709,1.0746797851919092,-0.8852879962021055,-0.1884746980630294,0
1.1980973033338542,0.7265747564280313,-0.7987837514257846,0.5515790962622888,0
1.313555286690401,-0.4034924916278432,-0.2699682397180469,0.6999587640609425,0
-0.1293601862558585,0.0969926456974153,-1.006793153541531,0.2714425648589609,1
0.0316725574862103,0.2934504903594365,-1.2701123531625025,-0.3805473152677532,1
1.2450757878754544,-0.1509574034348442,-0.1480569046797788,1.0441420382274738,0
-2.318075112693629,1.023903460426322,-0.1812706353679771,-0.9869997013204472,1
0.2455425482352959,1.022488745771893,-0.0707044237122327,-0.7869280261855316,0
-0.5631911834014496,-0.5703265523212203,0.3542967102022323,0.882203967237145,1
1.205135278546079,-0.1939868871108179,-0.0683137778276174,1.3771980514518276,0
0.5387445955765788,0.8549558501287378,-0.1904177571459079,0.8834323939907102,0
-0.5148051038174044,-1.4164622737086974,0.9580856620700106,0.9480819229050816,1
-2.4134748666953354,1.296892254466486,-0.3190892817021666,-2.6949414097365723,1
0.6173587786971292,0.1386159370963963,-0.0162069816046927,0.4801608407088933,0
-0.8373555077936646,1.5850508803432977,0.118435123023007,-1.0707517423871575,0
0.9940312120553976,-1.0880950710873334,0.5581514947126766,0.4955542658805064,0
-0.7504365139226891,-1.5406162682009896,1.0195229402892003,0.6470126187134827,1
1.6371261970724338,0.2313734931132902,-0.6191835780747864,1.1001354437388162,0
1.227938318233687,-0.8810524336494042,0.4781925134262731,0.965936962927831,0
0.6407600462777765,1.052828409445188,-0.3821313099840975,-0.9894756002036018,0
-2.2850670089482947,1.256683677721934,-0.4256851643771123,-2.465301788323983,1
0.5215015563066282,0.7089334351348513,-0.2693717387546041,-0.390403297360311,0
-1.3351514945543208,-0.3833899077310544,0.1705419192459317,0.8538787317450554,1
0.5253020629212296,0.9942796764576776,-0.3634378517756593,-0.8977245012066999,0
0.5279413036258138,-0.3276619594299838,0.793409617882193,0.4056600910459703,0
-1.016929445333579,-1.1043216777260845,1.1734526830733596,0.540497068088169,1
0.3065617933252844,-0.3541155412372993,1.1822029112141357,0.2086404374189434,0
-0.6654177733590141,1.2270598937532895,0.0800455279438455,-1.8723716192485187,0
-0.4295365151336955,1.3028920081816546,-1.2032903191643731,-3.005238198611928,0
-0.4843130762104407,-0.3209605954016908,-0.3805414144200572,0.7178138040836921,1
0.427016739082511,-0.2454825005320307,0.776907198232082,1.150653303643182,0
-1.5354874589702985,-1.3642541895338085,2.018859340366816,0.0842550866044613,1
-0.6485970126017969,-0.6898955077527733,-0.3485230066741665,0.4758518243834031,1
-1.1242585673200065,-2.11904706955882,1.7700696972872922,-0.3633112499657925,1
0.0401286847036983,1.4408011198561654,-0.6826401397110787,-1.414901687145646,0
-1.0589109674744996,-1.2919503393640792,1.092124302688002,0.8778949509116549,1
-0.6100992881909275,1.4224609636132073,-1.0097872634358551,-2.22456823537726,0
0.1789457077896193,0.6704975128970534,0.1110775041354047,0.412435483566603,0
1.447065676466304,1.064452932268327,-0.8950362609743231,-0.1287674442269551,0
0.9857967810570948,1.3166471253638732,-1.0688338957704298,-0.6680848797941111,0
0.9876266546122732,-0.9597139773866268,0.9011975740778556,0.7639893182545253,0
-1.3300137726493968,-0.4137210490269131,0.2866855309606377,0.8230966427458352,1
-0.7486066403675105,0.1470701355132246,-0.8311851267162982,-0.3504080077093521,1
-0.8406281662673492,-1.5166342980951886,0.9610565618101152,0.5060197000058407,1
-0.8797241185712574,-0.2987405416070742,-0.5577462998555964,0.1723161439966618,1
0.1528735286159327,1.4182168196499203,-0.6705012290542459,-1.3410532416115546,0
-0.2991791382528688,-0.2722870820447406,-0.4024169847719978,0.3958088702974187,1
1.1774760359620355,-0.8919951662776375,0.2904687860984269,0.5989873223962927,0
-1.5213059389176655,-1.6626396683342026,1.9550314162630105,0.7935429805001802,1
0.7875722092047848,0.6366295849651225,-0.1550176299302265,-0.1416706864833955,0
0.1210231717930095,0.6912921138416714,-0.0472389577962519,0.3995036732461263,0
0.997796528793938,0.254997523366766,-0.2763324640050518,0.5355714577138931,0
0.3230658451979514,-0.1470711993238828,-0.8683677937760422,0.7578329004546812,1
0.5565506728635073,-0.2532412729500553,0.7401191037940705,0.4173587132688758,0
1.147318312177653,-1.000621389080957,0.6649414142768977,1.1186094584823545,0
-2.04785205442026,1.2270598937532895,-0.4217092649593006,-2.250422333330201,1
-1.0486707135407125,0.2024485440944242,-0.5175648808706844,-0.8780601504616451,1
0.0261794178330689,-0.2461881533837579,-0.7840453034963606,0.8421848708661559,1
0.8760747474985108,0.7029336814196828,-0.350312509564495,0.2880644167841392,0
-0.950631718834422,0.2342029224221481,-0.8480821189881419,-0.6059017270748821,1
0.3989000281096731,1.0235455205739965,-0.3375845251935697,-0.4655373057760408,0
0.636642830778625,-1.0337734373082372,0.89026559144044,0.3761111901443215,0
1.2184370516971836,-1.1441723146183111,0.4636861670390447,0.31146166122995,0
-0.2964061760192523,0.2003349944902172,-1.0115744453107618,-0.7130319672113791,1
-1.4103522596969422,0.3445847549773494,-0.3427552833506045,-0.4421591067062541,1
-0.0361137007703322,0.4518133078811127,0.1530414629643792,0.4770802511369683,0
-1.289439845550921,-1.5571837699371935,2.3780364769145925,0.1169036224540595,1
1.2469408513066935,-0.2705246543909099,0.1993689307866321,1.5970293042119192,0
-1.0227005850076032,-0.3960865456356822,0.0203954315995621,1.1001354437388162,1
0.1485029460091411,-0.3262511509561185,1.2084535956364642,0.3145422508018752,0
-1.5394991048412665,-2.522888446756224,2.706785101280519,-1.009806539109506,1
1.5164953019349017,0.0317453240449584,-0.2926399183597186,1.3550578018236183,0
-0.3795070683375959,-1.1127758761429127,1.612960163375053,-0.7228879493039368,0
-1.855539381746219,0.8101622343234461,-0.3807410217463455,-2.564385357090228,1
1.297016044941673,1.534615450675163,-1.227939502945552,-1.4229483585158988,0
0.0802944092398649,1.31876067496808,-0.3912807527774502,-0.224803752829317,0
-0.0814910459511513,-0.0007078892325435,-1.0863343520519824,0.2732899663333147,1
-0.3462033696333485,0.1608252526954431,-0.7070804321042812,-0.5905225859352874,1
-0.4020109940786846,-1.2753828376278755,0.6152252639385883,0.99733802664784,1
1.7146494940350892,0.5703254885105621,-0.9952577068944072,0.316389652276229,0
0.1525920096074437,0.6207609181786968,0.0647268261589323,0.4875456852623026,0
-0.7242552461332129,-1.4090478053391,0.7566215234441815,0.648241045467048,1
-0.8361238621315252,-0.2634698303491252,-0.6237559784560408,0.1747777588477982,1
-0.2927429099212893,0.6912921138416714,-0.0014917438294882,0.0140728759550407,0
-1.408240867133275,-1.7275460948892063,2.015888440626711,1.02812011564706,1
-0.370959447442349,-0.232431331726052,-0.4139524314191218,0.251125909985075,1
-0.9553471622266124,-0.4736810877178777,0.3065766331268055,0.5885204598677566,1
-1.1120476803267962,0.3407155956212606,-0.4386132202774102,-1.1643597655464255,1
1.6533487299366116,-0.332952432692335,-0.2486891703295492,1.0983261330165108,0
-0.5534787776085794,-0.0186901056231762,1.2804514940255565,0.9012874340134598,0
-0.944438300647664,0.2370153069761333,-0.5294972211549631,-0.8121631494176843,1
1.1205740063711986,-0.966054626199248,0.3318292809176928,0.2283428789160466,0
1.3733780759943115,-0.938544391834811,0.5316919189023719,0.924070465082488,0
1.1916223661386074,1.534973390527488,-1.255397115387298,-1.826805557110462,0
-0.2512153371815572,0.196107895281803,-1.1102176007439153,-0.8207811820686648,1
-0.1006097056151598,1.026715844980307,-0.075067932705511,-1.0233287560867348,0
0.5529613055052729,-1.4975782621475795,1.563058331802987,0.4530687933143748,0
-1.0455036246952114,-1.5138048687863308,1.7193555103175415,1.295350547987544,1
-0.8936944993675237,-0.1262765983792649,-0.4481572356924956,0.173549332094233,1
-1.5310887244626576,0.1266164296660594,-0.1412957867556193,0.1950991750656901,1
-0.7926291753199763,-1.86792669602025,1.7682825154123856,0.5090955282337596,1
-0.8879937394456217,1.5176900090866337,0.2234378607123216,-1.0608957602945996,0
-0.5186408003080669,1.2743249990151138,-0.1247887250746643,-1.972121776175612,0
-1.4809431510755566,0.1012197449058294,-0.1309556630508029,0.4198203281200122,1
1.3151740209892129,1.158983142791975,-1.0258951104642338,0.2831411870818663,0
-0.4819623924895577,-1.1970792337429783,0.7285836571469464,1.2275966227812172,1
-0.6237881499787047,-0.0631257815761425,1.3190267703384744,1.0582832299254912,0
0.851089935495113,1.208003857805681,-1.197325309529945,-1.0215194453644296,0
0.0026444287233893,0.1749383097299871,0.678867506808637,0.9080628265340924,0
-0.595178780741011,-0.0567851327635213,1.302129778066631,0.7695315226775867,0
0.5956818150434771,0.8447289972051553,-0.2204470546751818,-0.4907724290081934,0
0.1838758094257826,0.0938223212911046,0.7102708454677091,0.6704051018152876,0
0.4572448426190163,0.3463574094841037,-1.4248312411901267,-0.6237567670976316,1
-0.373215118497867,-1.4016503817243753,0.7860519989945908,1.0939933099709904,1
1.1772297068296078,0.1114465978294119,-0.0203848093642145,0.8366426664430945,0
-1.0265714713743268,-1.5973923466817457,1.276273666266035,0.260358156012838,1
0.9697853874492832,0.6528561916038735,-0.3674160722088929,0.4241341057895085,0
1.7483613953016457,0.2013917692923207,-0.5921437484089925,1.3125866132895048,0
1.0452324817243326,1.1596819777417533,-1.0187231728103878,0.2948398093047718,0
-0.9332479200602268,-0.5414016033023543,0.3715882750958086,0.7405968351527203,1
-1.4532839084915132,-2.65902490392398,3.7558376516964422,-0.6791788113282461,1
-0.800511707557668,1.518388844036412,0.3182977610076861,-0.9039142484145865,0
1.3525104794900649,0.0976914806471934,-0.2116968265344056,0.7393636470551492,0
0.4918364907871008,0.7576132550511044,-0.3328115890798582,0.5909830269876943,0
-0.0153481549066631,-0.3519985826821177,-0.3318172660730921,0.7344356560088703,1
0.3130719203965923,0.2342029224221481,-0.2695690250654704,0.5103287163313309,0
-1.7283983595373786,0.9286744149528956,-0.396848868774724,-2.658612354970285,1
-0.3474244583326694,-1.6781674400231752,1.2343097074370606,0.9216040888873456,1
-1.308759087508478,0.3604704665186478,-0.4296633848103457,-0.3005091225257749,1
0.2059891275425928,0.0694824113329781,0.820658338935963,0.9622421599791232,0
0.4719190209365048,-0.4588674912580683,0.9719885444475306,1.188220307851047,0
0.6026846003796406,0.708575495282526,-0.458499680412734,-0.4944862773329253,0
-0.8579063954133608,-1.9243448346486804,1.841881914442628,0.5183325356055287,1
-1.2430243990262988,-2.1105758263871195,1.7579539967846791,-0.5480513974011737,1
0.7863053736665843,1.413631780589181,-1.1231456566442133,-1.3404342668907656,0
-1.4723568213166425,-2.621645756488286,3.7590174428245233,-0.7548841810247039,1
-1.2480213614269784,-1.4936920580366182,2.168425574157696,0.0830647506029446,1
1.5837079652116477,0.0832375285151967,-0.3652273546659879,1.34086899668554,0
-0.8998527276782203,-0.1262765983792649,-0.4533284580526148,0.1809341766476422,1
1.2558790798262194,-0.9403000015866926,0.5012634067205214,0.6950355343586697,0
1.0965745108975122,1.1410009264013423,-1.0855452068085172,-0.0044011387884974,0
-0.4901827475374362,-0.3121430028109779,1.1193730237417718,-0.1386234263195128,0
0.6258747287039211,-1.3229888379871524,1.4787358415233052,0.161236496494545,0
1.1677636301691656,-0.9579413228798724,0.6026917806600228,1.188791669131775,0
-0.2967369608542268,-0.3541155412372993,-0.3103388214598482,0.5251045951853571,1
0.3998853446393846,1.021074031117464,-0.2570401838177489,-0.4778691867517531,0
-0.6027797939702138,0.0366883029580233,-0.434834607170465,-0.0979615485077047,1
-0.5404937133420248,-1.3229888379871524,0.7349432394031074,0.8945168028368332,1
-1.2151188273098277,-0.0246898593383446,-0.153228127039898,0.3514807576009393,1
1.539192771994326,0.0528978648419017,-0.3855130294538881,1.3070158408024068,0
-0.7213696762962007,-0.1897546744759419,1.5702070593026134,0.8569593213169803,0
-0.2810950609450574,0.1654102917561826,-1.170656842331664,-0.8897254432765079,1
1.6285750571895805,-0.3886788951680338,-0.2206466620014701,1.0428945660978846,0
0.311277236717475,-0.0035202737865287,-1.0929028256961195,0.5983712044819077,1
1.2772041447192604,0.283223637435854,-0.1560133455462459,0.7553712856035449,0
-0.2536117677413197,0.2140901116724357,-1.1545489953032857,-0.9512896212749482,1
0.5579582679059524,-0.187286593970384,0.7518402316749511,1.2435947386416006,0
-2.2300300427886977,0.791822078080488,-0.1673491848670817,-2.613046292832228,1
-0.6428610628038337,-0.0606713368744827,1.4252364360472067,0.9406923170076664,0
-0.7075048651281179,1.520502393640619,0.2665855374064939,-0.8306371641612224,0
-0.0367858274030997,-1.0870382962852296,0.7367304212780139,0.0965869675801736,0
0.254093688118149,0.7632550689139473,0.0355052419964992,0.8988258191623233,0
1.478806944673438,-0.7812383491152383,0.3338021440263558,1.1383214226674698,0
-0.9153362731451148,-0.3064993140250988,-0.5672856732398378,0.1569227188250487,1
0.2402992567021885,1.1466427402641854,-0.5477937857262467,-0.2949859634787377,0
-0.9472183008564928,-1.9173053508862807,1.851026715205137,0.15815590692262,1
1.8837016586327275,1.0172048717613753,-0.9324046092678236,0.3354731190525436,0
0.2562754604339386,1.4266880628216214,-0.6219687965811344,-1.3558134080303608,0
-0.2794024279065173,-1.0859815214831263,0.1645769096115033,1.0164214934241544,1
-0.2913353148788443,-0.3311889823532119,-0.3397720822287637,0.3545613471728643,1
-1.0166831162011511,-1.868625530970028,1.7324924576058156,0.1532326772203472,1
-1.0184426100042072,1.842171007597036,-0.1114660965526337,-3.0711351996558887,0
-0.8756069030721061,-2.180067292002863,1.878855690114396,-0.1047226569963191,1
0.1153857536480175,0.664497759181885,-0.0468211750202997,0.2597439426360555,0
-0.3321098242708684,-0.3678706584195178,-0.3196860147671517,0.9308410962591146,1
0.8103400590163318,-1.1854376661649668,1.221590542924739,0.2917592197328468,0
-1.2364438922028689,-0.2239669064563002,0.3031879506107489,0.454301981411946,1
1.2256157864136528,1.419273594452024,-1.2742901809220244,-1.5589799567692195,0
1.1061109673100766,0.081481918763315,0.1144661866514613,0.9160666458082902,0
-0.6433889109447506,0.0666529820241203,-0.427674274593729,-0.1422896612041841,1
0.7558661308737122,1.334987281606831,-1.0612905956490712,-0.8589671609973182,0
-0.0672567410844268,-0.2299632512204941,-0.7747148215000952,0.776921128575002,1
-0.1609283202727714,0.8951644268732899,-0.1422915023716387,0.2067930359445895,0
0.0491478499381643,1.2394002962810793,-0.5354645518048134,-0.3239349350356223,0
-0.0367858274030997,-1.0870382962852296,0.7367304212780139,0.0965869675801736,0
-0.0700754501569228,-1.0972651492088124,0.1675478093516077,1.2553076448965244,1
0.1198970957590536,1.2157762660276037,-0.883500814327199,-0.0936763389022449,0
-0.4113116783216396,-0.0317463878556166,-0.6711046930639545,0.0159298001174067,1
1.2732628786004143,-0.35587796889113,-0.2190567664374298,0.8113980205229298,0
-0.9297289324541144,-1.8799091586957144,1.7643135790408402,0.4321379250637063,1
-0.4042173993077171,-1.0852656417784754,0.1918256306652733,0.8046273893463031,1
0.6820025810214135,0.9491281208000608,-0.3206803377739179,-0.2617517823163934,0
-1.4224575770619687,0.2391288565803404,-0.4449774445644152,-1.1341728445479635,1
0.0796856243840075,1.4429146694603725,-0.6500066628783695,-1.296725128915075,0
-0.4672600622712202,0.2176183759310717,-0.7472572090583491,-0.8349223737666822,1
0.1655102131094822,0.2468842200473905,-1.3685466172076803,-1.1926421489424606,1
0.9979724781742434,-1.0676413652401682,0.5316919189023719,0.4253625325430736,0
-0.4193455270263941,0.1044071140670126,-1.0314655474769294,-0.0339214716261098,1
-0.0588956265323038,-0.2028041388064333,-0.4819674673441368,0.5842104912734652,1
0.1556429718619431,0.8337862645769218,-0.1289665528341861,0.4857030451319548,0
0.2206281159840203,0.0906519968847941,0.2602259551503331,0.4863172585087374,0
-0.5376433333810738,0.0655962072220167,-0.9101460713712602,-0.1207683862967634,1
0.2510673587768923,0.2856951268923864,0.1255838505226332,0.3607177649727083,0
1.2800545246802113,1.445386158916905,-1.2927654636807984,-1.6981540420665444,0
-0.677100812211307,-0.7057641745391988,0.0482244065088212,0.9930242489783434,1
0.2569792579551611,0.3393008809668317,-1.381474673107978,-1.2739182911260165,1
-0.9591124789651526,-1.564598238306791,1.5230672360826756,1.00595605929882,1
-2.628731338561229,1.2563257378696089,-0.2858764794201371,-1.5940710620939298,1
-1.3703765604915057,0.1308605736293462,-0.2868721950361565,0.0805888517197901,1
-1.334377317280976,-1.561768808997933,2.331291226316388,0.2954540226815544,1
